record_type,league_id,season,week,bidAmount,executionType,expirationDate,id,isActingAsTeamOwner,isLeagueManager,isPending,items,memberId,processDate,proposedDate,rating,relatedTransactionId,scoringPeriodId,status,teamActions,teamId,type
transaction,2052609889,2026,1,0,EXECUTE,,2445feb4-c1c5-4176-a1a0-e04542504a7c,False,False,False,"[{""fromLineupSlotId"": -1, ""fromTeamId"": 0, ""isKeeper"": false, ""overallPickNumber"": 25, ""playerId"": 4361307, ""toLineupSlotId"": 6, ""toTeamId"": 1, ""type"": ""DRAFT""}]",,,1788148305216,0,,1,EXECUTED,,1,DRAFT
transaction,2052609889,2026,1,0,EXECUTE,,1f72ab6d-cec6-4758-b64b-76a6f5c69f50,False,False,False,"[{""fromLineupSlotId"": -1, ""fromTeamId"": 0, ""isKeeper"": false, ""overallPickNumber"": 54, ""playerId"": 4040715, ""toLineupSlotId"": 0, ""toTeamId"": 9, ""type"": ""DRAFT""}]",,,1788148305216,0,,1,EXECUTED,,9,DRAFT
transaction,2052609889,2026,1,0,EXECUTE,,a92655df-3b31-4134-ac48-7d32acd929cb,False,False,False,"[{""fromLineupSlotId"": -1, ""fromTeamId"": 0, ""isKeeper"": false, ""overallPickNumber"": 85, ""playerId"": 3040151, ""toLineupSlotId"": 6, ""toTeamId"": 10, ""type"": ""DRAFT""}]",,,1788148305216,0,,1,EXECUTED,,10,DRAFT
transaction,2052609889,2026,1,0,EXECUTE,,c8d86faa-94ef-442a-b5dd-d9c3543dc722,False,False,False,"[{""fromLineupSlotId"": -1, ""fromTeamId"": 0, ""isKeeper"": false, ""overallPickNumber"": 191, ""playerId"": 4241463, ""toLineupSlotId"": 20, ""toTeamId"": 8, ""type"": ""DRAFT""}]",,,1788148305216,0,,1,EXECUTED,,8,DRAFT
transaction,2052609889,2026,1,0,EXECUTE,,3e12688d-edd3-4ec8-9f52-220b5c09aa6a,False,False,False,"[{""fromLineupSlotId"": -1, ""fromTeamId"": 0, ""isKeeper"": false, ""overallPickNumber"": 147, ""playerId"": 4710714, ""toLineupSlotId"": 20, ""toTeamId"": 14, ""type"": ""DRAFT""}]",,,1788148305216,0,,1,EXECUTED,,14,DRAFT
transaction,2052609889,2026,1,0,EXECUTE,,a72cd6f7-36b5-4591-af19-3bd1a033bef6,False,False,False,"[{""fromLineupSlotId"": 20, ""fromTeamId"": 0, ""isKeeper"": false, ""overallPickNumber"": 0, ""playerId"": 4360078, ""toLineupSlotId"": 23, ""toTeamId"": 0, ""type"": ""LINEUP""}, {""fromLineupSlotId"": 23, ""fromTeamId"": 0, ""isKeeper"": false, ""overallPickNumber"": 0, ""playerId"": 4429023, ""toLineupSlotId"": 20, ""toTeamId"": 0, ""type"": ""LINEUP""}]",{3DCCE924-FEBF-449A-A688-A69FA7E5A090},,1788148385783,0,,1,EXECUTED,,13,ROSTER
transaction,2052609889,2026,1,0,EXECUTE,,60a05b2e-8059-46a6-a16c-d31ed0665310,False,False,False,"[{""fromLineupSlotId"": -1, ""fromTeamId"": 0, ""isKeeper"": false, ""overallPickNumber"": 66, ""playerId"": 3915511, ""toLineupSlotId"": 0, ""toTeamId"": 3, ""type"": ""DRAFT""}]",,,1788148305216,0,,1,EXECUTED,,3,DRAFT
transaction,2052609889,2026,1,0,EXECUTE,,54e1a090-6b62-4b4f-874f-fdc29842140f,False,False,False,"[{""fromLineupSlotId"": -1, ""fromTeamId"": 0, ""isKeeper"": false, ""overallPickNumber"": 121, ""playerId"": 4362249, ""toLineupSlotId"": 20, ""toTeamId"": 12, ""type"": ""DRAFT""}]",,,1788148305216,0,,1,EXECUTED,,12,DRAFT
transaction,2052609889,2026,1,0,EXECUTE,,7d4e559f-2693-47d7-91e3-3aadc2c37867,False,False,False,"[{""fromLineupSlotId"": -1, ""fromTeamId"": 0, ""isKeeper"": false, ""overallPickNumber"": 0, ""playerId"": 4429086, ""toLineupSlotId"": 20, ""toTeamId"": 7, ""type"": ""ADD""}, {""fromLineupSlotId"": 20, ""fromTeamId"": 7, ""isKeeper"": false, ""overallPickNumber"": 0, ""playerId"": 4430539, ""toLineupSlotId"": -1, ""toTeamId"": 0, ""type"": ""DROP""}]",{709731F5-41A1-4946-91B1-4E66D32D2570},,1789060590254,0,,1,EXECUTED,,7,FREEAGENT
transaction,2052609889,2026,1,0,EXECUTE,,3ce946b3-4a24-48b3-8441-8c60d562b510,False,False,False,"[{""fromLineupSlotId"": -1, ""fromTeamId"": 0, ""isKeeper"": false, ""overallPickNumber"": 32, ""playerId"": 4685472, ""toLineupSlotId"": 4, ""toTeamId"": 1, ""type"": ""DRAFT""}]",,,1788148305216,0,,1,EXECUTED,,1,DRAFT
transaction,2052609889,2026,1,0,EXECUTE,,b86ba41a-1a86-4e86-904b-2a8227c2bee4,False,False,False,"[{""fromLineupSlotId"": -1, ""fromTeamId"": 0, ""isKeeper"": false, ""overallPickNumber"": 95, ""playerId"": 4360310, ""toLineupSlotId"": 0, ""toTeamId"": 11, ""type"": ""DRAFT""}]",,,1788148305216,0,,1,EXECUTED,,11,DRAFT
transaction,2052609889,2026,1,0,EXECUTE,,f5cbe393-ba86-4af2-b08f-6ce158d9bb22,False,False,False,"[{""fromLineupSlotId"": -1, ""fromTeamId"": 0, ""isKeeper"": false, ""overallPickNumber"": 90, ""playerId"": 4689114, ""toLineupSlotId"": 0, ""toTeamId"": 8, ""type"": ""DRAFT""}]",,,1788148305216,0,,1,EXECUTED,,8,DRAFT
transaction,2052609889,2026,1,0,EXECUTE,,1c22ad2b-7544-407e-94d3-9bd987dcef7e,False,False,False,"[{""fromLineupSlotId"": -1, ""fromTeamId"": 0, ""isKeeper"": false, ""overallPickNumber"": 160, ""playerId"": 4032473, ""toLineupSlotId"": 20, ""toTeamId"": 12, ""type"": ""DRAFT""}]",,,1788148305216,0,,1,EXECUTED,,12,DRAFT
transaction,2052609889,2026,1,0,EXECUTE,,3454b19d-c62f-4891-906b-b5a45642314f,False,False,False,"[{""fromLineupSlotId"": 2, ""fromTeamId"": 0, ""isKeeper"": false, ""overallPickNumber"": 0, ""playerId"": 4379399, ""toLineupSlotId"": 23, ""toTeamId"": 0, ""type"": ""LINEUP""}, {""fromLineupSlotId"": 23, ""fromTeamId"": 0, ""isKeeper"": false, ""overallPickNumber"": 0, ""playerId"": 4696981, ""toLineupSlotId"": 2, ""toTeamId"": 0, ""type"": ""LINEUP""}]",{5E45FFBD-E125-421C-92DB-4C9F02E8C747},,1788148964554,0,,1,EXECUTED,,3,ROSTER
transaction,2052609889,2026,1,0,EXECUTE,,5fdee33d-1db1-4d7f-b157-e9130952b2be,False,False,False,"[{""fromLineupSlotId"": -1, ""fromTeamId"": 0, ""isKeeper"": false, ""overallPickNumber"": 134, ""playerId"": 3126486, ""toLineupSlotId"": 20, ""toTeamId"": 14, ""type"": ""DRAFT""}]",,,1788148305216,0,,1,EXECUTED,,14,DRAFT
transaction,2052609889,2026,1,0,EXECUTE,,8c1ccc46-f26c-4729-82a9-7a1451dbebec,False,False,False,"[{""fromLineupSlotId"": -1, ""fromTeamId"": 0, ""isKeeper"": false, ""overallPickNumber"": 123, ""playerId"": -16034, ""toLineupSlotId"": 16, ""toTeamId"": 11, ""type"": ""DRAFT""}]",,,1788148305216,0,,1,EXECUTED,,11,DRAFT
transaction,2052609889,2026,1,0,EXECUTE,,a8737685-1621-49b0-87eb-6b5c3fa067cb,False,False,False,"[{""fromLineupSlotId"": -1, ""fromTeamId"": 0, ""isKeeper"": false, ""overallPickNumber"": 88, ""playerId"": 3953687, ""toLineupSlotId"": 17, ""toTeamId"": 1, ""type"": ""DRAFT""}]",,,1788148305216,0,,1,EXECUTED,,1,DRAFT
transaction,2052609889,2026,1,0,EXECUTE,,7e0a3390-a6cb-403d-ae97-8d6c2e4a475f,False,False,False,"[{""fromLineupSlotId"": -1, ""fromTeamId"": 0, ""isKeeper"": false, ""overallPickNumber"": 202, ""playerId"": 4428850, ""toLineupSlotId"": 20, ""toTeamId"": 8, ""type"": ""DRAFT""}]",,,1788148305216,0,,1,EXECUTED,,8,DRAFT
transaction,2052609889,2026,1,0,EXECUTE,,d5c14b4a-2e41-4327-9152-5c75d274ce25,False,False,False,"[{""fromLineupSlotId"": -1, ""fromTeamId"": 0, ""isKeeper"": false, ""overallPickNumber"": 199, ""playerId"": 4360939, ""toLineupSlotId"": 20, ""toTeamId"": 9, ""type"": ""DRAFT""}]",,,1788148305216,0,,1,EXECUTED,,9,DRAFT
transaction,2052609889,2026,1,0,EXECUTE,,90fb6287-ab96-46a9-a016-a50bb5cdbb1f,False,False,False,"[{""fromLineupSlotId"": -1, ""fromTeamId"": 0, ""isKeeper"": false, ""overallPickNumber"": 173, ""playerId"": 3055899, ""toLineupSlotId"": 17, ""toTeamId"": 6, ""type"": ""DRAFT""}]",,,1788148305216,0,,1,EXECUTED,,6,DRAFT
transaction,2052609889,2026,1,0,PROCESS,,3efcdf9d-4c42-42f2-8127-3369fcff3900,False,False,False,"[{""fromLineupSlotId"": 20, ""fromTeamId"": 0, ""isKeeper"": false, ""overallPickNumber"": 0, ""playerId"": 2977187, ""toLineupSlotId"": -1, ""toTeamId"": 4, ""type"": ""ADD""}, {""fromLineupSlotId"": 20, ""fromTeamId"": 4, ""isKeeper"": false, ""overallPickNumber"": 0, ""playerId"": 4586312, ""toLineupSlotId"": -1, ""toTeamId"": 0, ""type"": ""DROP""}]",NightlyLeagueUpdateTaskProcessor,1788246430606,1788246430587,0,e2dbbbbf-d275-4182-a893-a41115e4ce4b,1,FAILED_INVALIDPLAYERSOURCE,,4,WAIVER
transaction,2052609889,2026,1,0,EXECUTE,,bb0ff917-ed0f-4581-82ba-f5af6285d094,False,False,False,"[{""fromLineupSlotId"": -1, ""fromTeamId"": 0, ""isKeeper"": false, ""overallPickNumber"": 161, ""playerId"": 4429022, ""toLineupSlotId"": 20, ""toTeamId"": 13, ""type"": ""DRAFT""}]",,,1788148305216,0,,1,EXECUTED,,13,DRAFT
transaction,2052609889,2026,1,0,EXECUTE,,cb77a859-8530-4763-a314-14bb77e82da4,False,False,False,"[{""fromLineupSlotId"": -1, ""fromTeamId"": 0, ""isKeeper"": false, ""overallPickNumber"": 39, ""playerId"": 4239993, ""toLineupSlotId"": 4, ""toTeamId"": 11, ""type"": ""DRAFT""}]",,,1788148305216,0,,1,EXECUTED,,11,DRAFT
transaction,2052609889,2026,1,0,EXECUTE,,1e5a6a29-b6b8-4d64-adc4-916482edc350,False,False,False,"[{""fromLineupSlotId"": -1, ""fromTeamId"": 0, ""isKeeper"": false, ""overallPickNumber"": 141, ""playerId"": 4870653, ""toLineupSlotId"": 20, ""toTeamId"": 10, ""type"": ""DRAFT""}]",,,1788148305216,0,,1,EXECUTED,,10,DRAFT
transaction,2052609889,2026,1,0,EXECUTE,,024496dc-7b82-4b80-8780-c534e4c7785a,False,False,False,"[{""fromLineupSlotId"": -1, ""fromTeamId"": 0, ""isKeeper"": false, ""overallPickNumber"": 68, ""playerId"": 4569987, ""toLineupSlotId"": 2, ""toTeamId"": 4, ""type"": ""DRAFT""}]",,,1788148305216,0,,1,EXECUTED,,4,DRAFT
transaction,2052609889,2026,1,0,EXECUTE,,cab0d750-55e4-4d62-a88a-6a0448da4c9b,False,False,False,"[{""fromLineupSlotId"": -1, ""fromTeamId"": 0, ""isKeeper"": false, ""overallPickNumber"": 155, ""playerId"": -16021, ""toLineupSlotId"": 16, ""toTeamId"": 7, ""type"": ""DRAFT""}]",,,1788148305216,0,,1,EXECUTED,,7,DRAFT
transaction,2052609889,2026,1,0,EXECUTE,,427ed66f-159a-4e79-92de-19bfbb51ee7e,False,False,False,"[{""fromLineupSlotId"": -1, ""fromTeamId"": 0, ""isKeeper"": false, ""overallPickNumber"": 223, ""playerId"": 4686612, ""toLineupSlotId"": 20, ""toTeamId"": 5, ""type"": ""DRAFT""}]",,,1788148305216,0,,1,EXECUTED,,5,DRAFT
transaction,2052609889,2026,1,0,EXECUTE,1789164497968,faac44ff-cc06-4871-a271-27a6f36a080b,False,False,True,"[{""fromLineupSlotId"": 20, ""fromTeamId"": 12, ""isKeeper"": false, ""overallPickNumber"": 0, ""playerId"": 3042519, ""toLineupSlotId"": -1, ""toTeamId"": 1, ""type"": ""TRADE""}, {""fromLineupSlotId"": 20, ""fromTeamId"": 1, ""isKeeper"": false, ""overallPickNumber"": 0, ""playerId"": 4047650, ""toLineupSlotId"": -1, ""toTeamId"": 12, ""type"": ""TRADE""}]",{DCD2262B-9570-4713-8396-9C62ADEE96AB},,1788991697949,0,,1,PENDING,"{""12"": ""ACCEPTED""}",12,TRADE_PROPOSAL
transaction,2052609889,2026,1,0,EXECUTE,,9308c059-2d67-4646-bcdc-8cd3cd488f97,False,False,False,"[{""fromLineupSlotId"": -1, ""fromTeamId"": 0, ""isKeeper"": false, ""overallPickNumber"": 164, ""playerId"": 3929645, ""toLineupSlotId"": 20, ""toTeamId"": 6, ""type"": ""DRAFT""}]",,,1788148305216,0,,1,EXECUTED,,6,DRAFT
transaction,2052609889,2026,1,0,EXECUTE,,104b81cf-d974-4b77-8974-4b4d03f90edf,False,False,False,"[{""fromLineupSlotId"": -1, ""fromTeamId"": 0, ""isKeeper"": false, ""overallPickNumber"": 113, ""playerId"": 4697815, ""toLineupSlotId"": 20, ""toTeamId"": 10, ""type"": ""DRAFT""}]",,,1788148305216,0,,1,EXECUTED,,10,DRAFT
transaction,2052609889,2026,1,0,PROCESS,,d9a36d9c-c0f1-4149-a3a8-19cd91359a91,False,False,False,"[{""fromLineupSlotId"": -1, ""fromTeamId"": 0, ""isKeeper"": false, ""overallPickNumber"": 0, ""playerId"": 4819231, ""toLineupSlotId"": 20, ""toTeamId"": 4, ""type"": ""ADD""}, {""fromLineupSlotId"": 20, ""fromTeamId"": 4, ""isKeeper"": false, ""overallPickNumber"": 0, ""playerId"": 4429501, ""toLineupSlotId"": -1, ""toTeamId"": 0, ""type"": ""DROP""}]",NightlyLeagueUpdateTaskProcessor,1788246430605,1788246430587,0,5e9d5e8f-ea22-4101-801d-1b93a95f02f4,1,EXECUTED,,4,WAIVER
transaction,2052609889,2026,1,0,EXECUTE,,eceb186f-f68e-4cfc-a740-a2197ae0bff5,False,False,False,"[{""fromLineupSlotId"": -1, ""fromTeamId"": 0, ""isKeeper"": false, ""overallPickNumber"": 52, ""playerId"": 4596448, ""toLineupSlotId"": 2, ""toTeamId"": 6, ""type"": ""DRAFT""}]",,,1788148305216,0,,1,EXECUTED,,6,DRAFT
transaction,2052609889,2026,1,0,EXECUTE,,24981d9e-abe9-49b9-a9ae-9d7675b0edb7,False,False,False,"[{""fromLineupSlotId"": -1, ""fromTeamId"": 0, ""isKeeper"": false, ""overallPickNumber"": 165, ""playerId"": 5083315, ""toLineupSlotId"": 20, ""toTeamId"": 1, ""type"": ""DRAFT""}]",,,1788148305216,0,,1,EXECUTED,,1,DRAFT
transaction,2052609889,2026,1,0,EXECUTE,,c55519b6-3efe-42de-950e-71e33d4a1be8,False,False,False,"[{""fromLineupSlotId"": -1, ""fromTeamId"": 0, ""isKeeper"": false, ""overallPickNumber"": 7, ""playerId"": 4362628, ""toLineupSlotId"": 4, ""toTeamId"": 14, ""type"": ""DRAFT""}]",,,1788148305216,0,,1,EXECUTED,,14,DRAFT
transaction,2052609889,2026,1,0,EXECUTE,,61725ed4-a98f-495e-a093-4907d363304d,False,False,False,"[{""fromLineupSlotId"": -1, ""fromTeamId"": 0, ""isKeeper"": false, ""overallPickNumber"": 200, ""playerId"": 4432577, ""toLineupSlotId"": 20, ""toTeamId"": 1, ""type"": ""DRAFT""}]",,,1788148305216,0,,1,EXECUTED,,1,DRAFT
transaction,2052609889,2026,1,0,EXECUTE,,99268f2b-b516-4d18-a430-bfc51d45c4fc,False,False,False,"[{""fromLineupSlotId"": -1, ""fromTeamId"": 0, ""isKeeper"": false, ""overallPickNumber"": 153, ""playerId"": 3917792, ""toLineupSlotId"": 20, ""toTeamId"": 2, ""type"": ""DRAFT""}]",,,1788148305216,0,,1,EXECUTED,,2,DRAFT
transaction,2052609889,2026,1,0,EXECUTE,,4f9110b7-72cc-499e-a2fb-59a3f54b30eb,False,False,False,"[{""fromLineupSlotId"": -1, ""fromTeamId"": 0, ""isKeeper"": false, ""overallPickNumber"": 188, ""playerId"": 4832800, ""toLineupSlotId"": 20, ""toTeamId"": 12, ""type"": ""DRAFT""}]",,,1788148305216,0,,1,EXECUTED,,12,DRAFT
transaction,2052609889,2026,1,0,EXECUTE,,5803f413-2755-463c-b28a-9034a8d76cda,False,False,False,"[{""fromLineupSlotId"": 20, ""fromTeamId"": 0, ""isKeeper"": false, ""overallPickNumber"": 0, ""playerId"": 4366031, ""toLineupSlotId"": 21, ""toTeamId"": 0, ""type"": ""LINEUP""}]",{B2D96ED3-48A0-419E-8251-3F8700A0D3E9},,1788280463464,0,,1,EXECUTED,,2,ROSTER
transaction,2052609889,2026,1,0,EXECUTE,,6c2a23d1-d1b2-4eda-a0fd-c7d2b4a1115d,False,False,False,"[{""fromLineupSlotId"": -1, ""fromTeamId"": 0, ""isKeeper"": false, ""overallPickNumber"": 103, ""playerId"": 4701936, ""toLineupSlotId"": 20, ""toTeamId"": 3, ""type"": ""DRAFT""}]",,,1788148305216,0,,1,EXECUTED,,3,DRAFT
transaction,2052609889,2026,1,0,EXECUTE,,6c8e9b4b-9648-44b9-b717-99128e61cbf8,False,False,False,"[{""fromLineupSlotId"": -1, ""fromTeamId"": 0, ""isKeeper"": false, ""overallPickNumber"": 176, ""playerId"": 4689936, ""toLineupSlotId"": 17, ""toTeamId"": 13, ""type"": ""DRAFT""}]",,,1788148305216,0,,1,EXECUTED,,13,DRAFT
transaction,2052609889,2026,1,0,EXECUTE,,f4589125-17b1-4a1e-87cb-084e45aa0234,False,False,False,"[{""fromLineupSlotId"": -1, ""fromTeamId"": 0, ""isKeeper"": false, ""overallPickNumber"": 114, ""playerId"": 4241985, ""toLineupSlotId"": 20, ""toTeamId"": 5, ""type"": ""DRAFT""}]",,,1788148305216,0,,1,EXECUTED,,5,DRAFT
transaction,2052609889,2026,1,0,EXECUTE,,5dc47507-a03f-45de-a3ba-ee9e0c388796,False,False,False,"[{""fromLineupSlotId"": -1, ""fromTeamId"": 0, ""isKeeper"": false, ""overallPickNumber"": 6, ""playerId"": 4426515, ""toLineupSlotId"": 4, ""toTeamId"": 8, ""type"": ""DRAFT""}]",,,1788148305216,0,,1,EXECUTED,,8,DRAFT
transaction,2052609889,2026,1,0,EXECUTE,,c476033e-f6cb-4027-ac07-df0a447ea495,False,False,False,"[{""fromLineupSlotId"": -1, ""fromTeamId"": 0, ""isKeeper"": false, ""overallPickNumber"": 201, ""playerId"": -16027, ""toLineupSlotId"": 20, ""toTeamId"": 6, ""type"": ""DRAFT""}]",,,1788148305216,0,,1,EXECUTED,,6,DRAFT
transaction,2052609889,2026,1,0,EXECUTE,,d7c1bb92-6f8b-42e9-9e9a-df83a081c165,False,False,False,"[{""fromLineupSlotId"": -1, ""fromTeamId"": 0, ""isKeeper"": false, ""overallPickNumber"": 12, ""playerId"": 4262921, ""toLineupSlotId"": 4, ""toTeamId"": 4, ""type"": ""DRAFT""}]",,,1788148305216,0,,1,EXECUTED,,4,DRAFT
transaction,2052609889,2026,1,0,EXECUTE,,63d213cc-4df8-4d3e-bdfe-e1228e47e4b1,False,False,False,"[{""fromLineupSlotId"": -1, ""fromTeamId"": 0, ""isKeeper"": false, ""overallPickNumber"": 167, ""playerId"": 4574716, ""toLineupSlotId"": 17, ""toTeamId"": 5, ""type"": ""DRAFT""}]",,,1788148305216,0,,1,EXECUTED,,5,DRAFT
transaction,2052609889,2026,1,0,EXECUTE,,b4077f9b-d862-4f4f-8533-6caef37daf82,False,False,False,"[{""fromLineupSlotId"": -1, ""fromTeamId"": 0, ""isKeeper"": false, ""overallPickNumber"": 162, ""playerId"": 4362619, ""toLineupSlotId"": 20, ""toTeamId"": 14, ""type"": ""DRAFT""}]",,,1788148305216,0,,1,EXECUTED,,14,DRAFT
transaction,2052609889,2026,1,0,EXECUTE,,f6c0e4dc-dba3-4d11-99c7-3ba03c1f5ce5,False,False,False,"[{""fromLineupSlotId"": -1, ""fromTeamId"": 0, ""isKeeper"": false, ""overallPickNumber"": 151, ""playerId"": 2971573, ""toLineupSlotId"": 17, ""toTeamId"": 11, ""type"": ""DRAFT""}]",,,1788148305216,0,,1,EXECUTED,,11,DRAFT
transaction,2052609889,2026,1,0,EXECUTE,,1e1f335a-a6fa-4b2c-9377-e9b4fa0b4aab,False,False,False,"[{""fromLineupSlotId"": 23, ""fromTeamId"": 0, ""isKeeper"": false, ""overallPickNumber"": 0, ""playerId"": 4430027, ""toLineupSlotId"": 6, ""toTeamId"": 0, ""type"": ""LINEUP""}]",{5E45FFBD-E125-421C-92DB-4C9F02E8C747},,1788842718873,0,,1,EXECUTED,,3,ROSTER
transaction,2052609889,2026,1,0,EXECUTE,,6eec26c7-a23c-4461-9be4-6d247ae4b6a1,False,False,False,"[{""fromLineupSlotId"": -1, ""fromTeamId"": 0, ""isKeeper"": false, ""overallPickNumber"": 65, ""playerId"": 4426348, ""toLineupSlotId"": 0, ""toTeamId"": 12, ""type"": ""DRAFT""}]",,,1788148305216,0,,1,EXECUTED,,12,DRAFT
transaction,2052609889,2026,1,0,EXECUTE,,faf7a645-7bd4-43f3-8676-cc195f30c415,False,False,False,"[{""fromLineupSlotId"": -1, ""fromTeamId"": 0, ""isKeeper"": false, ""overallPickNumber"": 224, ""playerId"": 3150744, ""toLineupSlotId"": 17, ""toTeamId"": 10, ""type"": ""DRAFT""}]",,,1788148305216,0,,1,EXECUTED,,10,DRAFT
transaction,2052609889,2026,1,0,EXECUTE,,515fe0d3-ecda-439f-82e2-319bb2fed1b7,False,False,False,"[{""fromLineupSlotId"": -1, ""fromTeamId"": 0, ""isKeeper"": false, ""overallPickNumber"": 11, ""playerId"": 4241389, ""toLineupSlotId"": 4, ""toTeamId"": 11, ""type"": ""DRAFT""}]",,,1788148305216,0,,1,EXECUTED,,11,DRAFT
transaction,2052609889,2026,0,0,EXECUTE,,6922240b-78bc-4bb8-bd00-46e3b593adba,False,False,False,"[{""fromLineupSlotId"": 20, ""fromTeamId"": 0, ""isKeeper"": false, ""overallPickNumber"": 0, ""playerId"": 4569173, ""toLineupSlotId"": 2, ""toTeamId"": 0, ""type"": ""LINEUP""}, {""fromLineupSlotId"": 2, ""fromTeamId"": 0, ""isKeeper"": false, ""overallPickNumber"": 0, ""playerId"": 4038815, ""toLineupSlotId"": 20, ""toTeamId"": 0, ""type"": ""LINEUP""}]",TradeTaskProcessor,,1789455641606,0,,0,EXECUTED,,10,ROSTER
transaction,2052609889,2026,1,0,EXECUTE,,f6765913-a352-4ca3-8c34-22a4db10acc9,False,False,False,"[{""fromLineupSlotId"": -1, ""fromTeamId"": 0, ""isKeeper"": false, ""overallPickNumber"": 72, ""playerId"": 4432708, ""toLineupSlotId"": 4, ""toTeamId"": 2, ""type"": ""DRAFT""}]",,,1788148305216,0,,1,EXECUTED,,2,DRAFT
transaction,2052609889,2026,1,0,EXECUTE,,bc4ac2d6-d762-4b9b-a71e-ad738746b68e,False,False,False,"[{""fromLineupSlotId"": -1, ""fromTeamId"": 0, ""isKeeper"": false, ""overallPickNumber"": 70, ""playerId"": 4685278, ""toLineupSlotId"": 23, ""toTeamId"": 7, ""type"": ""DRAFT""}]",,,1788148305216,0,,1,EXECUTED,,7,DRAFT
transaction,2052609889,2026,1,0,EXECUTE,,86406a0a-ce23-4581-8a7f-e91903595c3b,False,False,False,"[{""fromLineupSlotId"": -1, ""fromTeamId"": 0, ""isKeeper"": false, ""overallPickNumber"": 204, ""playerId"": 4360635, ""toLineupSlotId"": 20, ""toTeamId"": 13, ""type"": ""DRAFT""}]",,,1788148305216,0,,1,EXECUTED,,13,DRAFT
transaction,2052609889,2026,1,0,EXECUTE,,65a9b20c-56cc-4a0d-87f4-35fd675cc4e2,False,False,False,"[{""fromLineupSlotId"": -1, ""fromTeamId"": 0, ""isKeeper"": false, ""overallPickNumber"": 2, ""playerId"": 4430807, ""toLineupSlotId"": 2, ""toTeamId"": 5, ""type"": ""DRAFT""}]",,,1788148305216,0,,1,EXECUTED,,5,DRAFT
transaction,2052609889,2026,1,0,EXECUTE,,b3c29ec7-a211-4e1d-ab5d-786264ed0b70,False,False,False,"[{""fromLineupSlotId"": -1, ""fromTeamId"": 0, ""isKeeper"": false, ""overallPickNumber"": 27, ""playerId"": 4595348, ""toLineupSlotId"": 4, ""toTeamId"": 5, ""type"": ""DRAFT""}]",,,1788148305216,0,,1,EXECUTED,,5,DRAFT
transaction,2052609889,2026,1,0,EXECUTE,,81cde0f9-d5da-41bc-9e2b-9e8b128b29bd,False,False,False,"[{""fromLineupSlotId"": -1, ""fromTeamId"": 0, ""isKeeper"": false, ""overallPickNumber"": 168, ""playerId"": 3925357, ""toLineupSlotId"": 20, ""toTeamId"": 10, ""type"": ""DRAFT""}]",,,1788148305216,0,,1,EXECUTED,,10,DRAFT
transaction,2052609889,2026,1,0,EXECUTE,,07ece766-b36b-4344-a8a7-ce4d0021ff83,False,False,False,"[{""fromLineupSlotId"": -1, ""fromTeamId"": 0, ""isKeeper"": false, ""overallPickNumber"": 46, ""playerId"": 4685702, ""toLineupSlotId"": 2, ""toTeamId"": 11, ""type"": ""DRAFT""}]",,,1788148305216,0,,1,EXECUTED,,11,DRAFT
transaction,2052609889,2026,1,0,EXECUTE,,6b6686a7-e33b-4324-a9f1-111ea8a36e67,False,False,False,"[{""fromLineupSlotId"": -1, ""fromTeamId"": 0, ""isKeeper"": false, ""overallPickNumber"": 222, ""playerId"": 4696044, ""toLineupSlotId"": 20, ""toTeamId"": 9, ""type"": ""DRAFT""}]",,,1788148305216,0,,1,EXECUTED,,9,DRAFT
transaction,2052609889,2026,1,0,EXECUTE,,803ecf94-f728-4485-b4fa-b2fdb2d67731,False,False,False,"[{""fromLineupSlotId"": -1, ""fromTeamId"": 0, ""isKeeper"": false, ""overallPickNumber"": 29, ""playerId"": 4361370, ""toLineupSlotId"": 4, ""toTeamId"": 10, ""type"": ""DRAFT""}]",,,1788148305216,0,,1,EXECUTED,,10,DRAFT
transaction,2052609889,2026,1,0,EXECUTE,,38437a61-b36d-4543-99cc-a5ea1d18c3d3,False,False,False,"[{""fromLineupSlotId"": -1, ""fromTeamId"": 0, ""isKeeper"": false, ""overallPickNumber"": 211, ""playerId"": 4688380, ""toLineupSlotId"": 20, ""toTeamId"": 7, ""type"": ""DRAFT""}]",,,1788148305216,0,,1,EXECUTED,,7,DRAFT
transaction,2052609889,2026,1,0,EXECUTE,,272f08a7-2807-4a0b-9b2e-ca4df52ad22d,False,False,False,"[{""fromLineupSlotId"": -1, ""fromTeamId"": 0, ""isKeeper"": false, ""overallPickNumber"": 74, ""playerId"": 4360248, ""toLineupSlotId"": 6, ""toTeamId"": 11, ""type"": ""DRAFT""}]",,,1788148305216,0,,1,EXECUTED,,11,DRAFT
transaction,2052609889,2026,1,0,EXECUTE,,ecb24c2d-4650-42c4-a411-bf8f5b2fb85f,False,False,False,"[{""fromLineupSlotId"": -1, ""fromTeamId"": 0, ""isKeeper"": false, ""overallPickNumber"": 91, ""playerId"": 4360761, ""toLineupSlotId"": 20, ""toTeamId"": 14, ""type"": ""DRAFT""}]",,,1788148305216,0,,1,EXECUTED,,14,DRAFT
transaction,2052609889,2026,1,0,EXECUTE,,85ab0bf3-f246-419c-ab53-7a0b42f2e9a2,False,False,False,"[{""fromLineupSlotId"": -1, ""fromTeamId"": 0, ""isKeeper"": false, ""overallPickNumber"": 184, ""playerId"": 4697745, ""toLineupSlotId"": 17, ""toTeamId"": 2, ""type"": ""DRAFT""}]",,,1788148305216,0,,1,EXECUTED,,2,DRAFT
transaction,2052609889,2026,1,0,EXECUTE,,76197d92-e3c2-4348-b22c-3fe6aa15ea1a,False,False,False,"[{""fromLineupSlotId"": -1, ""fromTeamId"": 0, ""isKeeper"": false, ""overallPickNumber"": 185, ""playerId"": 4586312, ""toLineupSlotId"": 20, ""toTeamId"": 4, ""type"": ""DRAFT""}]",,,1788148305216,0,,1,EXECUTED,,4,DRAFT
transaction,2052609889,2026,1,0,EXECUTE,,10c94d37-3e59-4fe6-a828-c324f2a197df,False,False,False,"[{""fromLineupSlotId"": -1, ""fromTeamId"": 0, ""isKeeper"": false, ""overallPickNumber"": 67, ""playerId"": 4426388, ""toLineupSlotId"": 23, ""toTeamId"": 11, ""type"": ""DRAFT""}]",,,1788148305216,0,,1,EXECUTED,,11,DRAFT
transaction,2052609889,2026,1,0,EXECUTE,,80a80fc4-16e3-419a-ad4d-e7f891ec1c5e,False,False,False,"[{""fromLineupSlotId"": -1, ""fromTeamId"": 0, ""isKeeper"": false, ""overallPickNumber"": 101, ""playerId"": 4678008, ""toLineupSlotId"": 20, ""toTeamId"": 4, ""type"": ""DRAFT""}]",,,1788148305216,0,,1,EXECUTED,,4,DRAFT
transaction,2052609889,2026,1,0,EXECUTE,,cd2074a4-6b74-4f05-bffd-bd61c37dcf27,False,False,False,"[{""fromLineupSlotId"": -1, ""fromTeamId"": 0, ""isKeeper"": false, ""overallPickNumber"": 128, ""playerId"": 4429059, ""toLineupSlotId"": 20, ""toTeamId"": 2, ""type"": ""DRAFT""}]",,,1788148305216,0,,1,EXECUTED,,2,DRAFT
transaction,2052609889,2026,1,0,EXECUTE,,2b0f7fa4-e8ca-4fdb-ae1f-f8c738eb1dfd,False,False,False,"[{""fromLineupSlotId"": -1, ""fromTeamId"": 0, ""isKeeper"": false, ""overallPickNumber"": 210, ""playerId"": 4360234, ""toLineupSlotId"": 17, ""toTeamId"": 7, ""type"": ""DRAFT""}]",,,1788148305216,0,,1,EXECUTED,,7,DRAFT
transaction,2052609889,2026,1,0,EXECUTE,,4bafc1e9-7443-40fb-a90a-ae3eb239ccf2,False,False,False,"[{""fromLineupSlotId"": -1, ""fromTeamId"": 0, ""isKeeper"": false, ""overallPickNumber"": 48, ""playerId"": 4685512, ""toLineupSlotId"": 2, ""toTeamId"": 12, ""type"": ""DRAFT""}]",,,1788148305216,0,,1,EXECUTED,,12,DRAFT
transaction,2052609889,2026,1,0,EXECUTE,,6c8114cf-05eb-4013-a22c-16d0bbb39408,False,False,False,"[{""fromLineupSlotId"": -1, ""fromTeamId"": 0, ""isKeeper"": false, ""overallPickNumber"": 183, ""playerId"": 4430539, ""toLineupSlotId"": 20, ""toTeamId"": 7, ""type"": ""DRAFT""}]",,,1788148305216,0,,1,EXECUTED,,7,DRAFT
transaction,2052609889,2026,1,0,EXECUTE,,6732da8c-5a9e-4174-a172-24d3eb052dca,False,False,False,"[{""fromLineupSlotId"": -1, ""fromTeamId"": 0, ""isKeeper"": false, ""overallPickNumber"": 26, ""playerId"": 4430737, ""toLineupSlotId"": 2, ""toTeamId"": 9, ""type"": ""DRAFT""}]",,,1788148305216,0,,1,EXECUTED,,9,DRAFT
transaction,2052609889,2026,1,0,EXECUTE,,63160cdd-093e-4095-a630-dca7579a7071,False,False,False,"[{""fromLineupSlotId"": -1, ""fromTeamId"": 0, ""isKeeper"": false, ""overallPickNumber"": 104, ""playerId"": 3042519, ""toLineupSlotId"": 20, ""toTeamId"": 12, ""type"": ""DRAFT""}]",,,1788148305216,0,,1,EXECUTED,,12,DRAFT
transaction,2052609889,2026,1,0,EXECUTE,,6db501e5-2b3c-4325-83c1-ef0c3b5085db,False,False,False,"[{""fromLineupSlotId"": -1, ""fromTeamId"": 0, ""isKeeper"": false, ""overallPickNumber"": 69, ""playerId"": 2577417, ""toLineupSlotId"": 0, ""toTeamId"": 2, ""type"": ""DRAFT""}]",,,1788148305216,0,,1,EXECUTED,,2,DRAFT
transaction,2052609889,2026,1,0,EXECUTE,,9bb0fbb4-26c8-424e-840d-6558c8ca6010,False,False,False,"[{""fromLineupSlotId"": -1, ""fromTeamId"": 0, ""isKeeper"": false, ""overallPickNumber"": 209, ""playerId"": 4870612, ""toLineupSlotId"": 20, ""toTeamId"": 2, ""type"": ""DRAFT""}]",,,1788148305216,0,,1,EXECUTED,,2,DRAFT
transaction,2052609889,2026,1,0,EXECUTE,,07f56876-1740-41d0-b8e3-56b031419203,False,False,False,"[{""fromLineupSlotId"": -1, ""fromTeamId"": 0, ""isKeeper"": false, ""overallPickNumber"": 207, ""playerId"": 4429013, ""toLineupSlotId"": 20, ""toTeamId"": 11, ""type"": ""DRAFT""}]",,,1788148305216,0,,1,EXECUTED,,11,DRAFT
transaction,2052609889,2026,1,0,EXECUTE,,0bab6309-fda2-42c8-bd47-d29e7762d163,False,False,False,"[{""fromLineupSlotId"": -1, ""fromTeamId"": 0, ""isKeeper"": false, ""overallPickNumber"": 149, ""playerId"": 4036378, ""toLineupSlotId"": 20, ""toTeamId"": 12, ""type"": ""DRAFT""}]",,,1788148305216,0,,1,EXECUTED,,12,DRAFT
transaction,2052609889,2026,2,0,EXECUTE,,52db3433-170f-4909-a77b-210eecd4c651,False,False,False,"[{""fromLineupSlotId"": 20, ""fromTeamId"": 0, ""isKeeper"": false, ""overallPickNumber"": 0, ""playerId"": 4569173, ""toLineupSlotId"": 2, ""toTeamId"": 0, ""type"": ""LINEUP""}, {""fromLineupSlotId"": 2, ""fromTeamId"": 0, ""isKeeper"": false, ""overallPickNumber"": 0, ""playerId"": 4038815, ""toLineupSlotId"": 20, ""toTeamId"": 0, ""type"": ""LINEUP""}]",{69FAE7D4-494B-4FEA-A60C-528E9439833B},,1789442422876,0,,2,EXECUTED,,10,FUTURE_ROSTER
transaction,2052609889,2026,1,0,EXECUTE,,80cae5f9-7a13-42fb-a11e-8060d1a7df2e,False,False,False,"[{""fromLineupSlotId"": -1, ""fromTeamId"": 0, ""isKeeper"": false, ""overallPickNumber"": 23, ""playerId"": 4432665, ""toLineupSlotId"": 6, ""toTeamId"": 8, ""type"": ""DRAFT""}]",,,1788148305216,0,,1,EXECUTED,,8,DRAFT
transaction,2052609889,2026,1,0,EXECUTE,,3ee5faf8-b5cd-4d6f-ab74-c75dfdd4527d,False,False,False,"[{""fromLineupSlotId"": -1, ""fromTeamId"": 0, ""isKeeper"": false, ""overallPickNumber"": 156, ""playerId"": 4366031, ""toLineupSlotId"": 20, ""toTeamId"": 2, ""type"": ""DRAFT""}]",,,1788148305216,0,,1,EXECUTED,,2,DRAFT
transaction,2052609889,2026,1,0,EXECUTE,,d784e91b-7718-41df-8f78-1caacfb05e15,False,False,False,"[{""fromLineupSlotId"": -1, ""fromTeamId"": 0, ""isKeeper"": false, ""overallPickNumber"": 24, ""playerId"": 4361579, ""toLineupSlotId"": 2, ""toTeamId"": 6, ""type"": ""DRAFT""}]",,,1788148305216,0,,1,EXECUTED,,6,DRAFT
transaction,2052609889,2026,1,0,EXECUTE,,c202f595-3ede-44af-9efa-6132c40a861d,False,False,False,"[{""fromLineupSlotId"": -1, ""fromTeamId"": 0, ""isKeeper"": false, ""overallPickNumber"": 49, ""playerId"": 3916387, ""toLineupSlotId"": 0, ""toTeamId"": 13, ""type"": ""DRAFT""}]",,,1788148305216,0,,1,EXECUTED,,13,DRAFT
transaction,2052609889,2026,1,0,EXECUTE,,742dfffa-5cff-4a15-83d1-b2e1b4dc720d,False,False,False,"[{""fromLineupSlotId"": -1, ""fromTeamId"": 0, ""isKeeper"": false, ""overallPickNumber"": 16, ""playerId"": 4685382, ""toLineupSlotId"": 2, ""toTeamId"": 2, ""type"": ""DRAFT""}]",,,1788148305216,0,,1,EXECUTED,,2,DRAFT
transaction,2052609889,2026,1,0,EXECUTE,,f1d279e0-edb7-477e-833d-90b4343a997a,False,False,False,"[{""fromLineupSlotId"": -1, ""fromTeamId"": 0, ""isKeeper"": false, ""overallPickNumber"": 125, ""playerId"": 4870795, ""toLineupSlotId"": 20, ""toTeamId"": 2, ""type"": ""DRAFT""}]",,,1788148305216,0,,1,EXECUTED,,2,DRAFT
transaction,2052609889,2026,1,0,EXECUTE,,87ed56ac-5fcb-4040-8b8d-57dfcb771ecc,False,False,False,"[{""fromLineupSlotId"": -1, ""fromTeamId"": 0, ""isKeeper"": false, ""overallPickNumber"": 218, ""playerId"": -16030, ""toLineupSlotId"": 16, ""toTeamId"": 14, ""type"": ""DRAFT""}]",,,1788148305216,0,,1,EXECUTED,,14,DRAFT
transaction,2052609889,2026,1,0,EXECUTE,,345b9909-5f4a-4d8e-9bf3-27294cd7b18a,False,False,False,"[{""fromLineupSlotId"": 20, ""fromTeamId"": 0, ""isKeeper"": false, ""overallPickNumber"": 0, ""playerId"": 4361411, ""toLineupSlotId"": 6, ""toTeamId"": 0, ""type"": ""LINEUP""}, {""fromLineupSlotId"": 6, ""fromTeamId"": 0, ""isKeeper"": false, ""overallPickNumber"": 0, ""playerId"": 4432665, ""toLineupSlotId"": 20, ""toTeamId"": 0, ""type"": ""LINEUP""}]",{9D2C933F-3612-45A7-AC93-3F361265A73E},,1789048325900,0,,1,EXECUTED,,8,ROSTER
transaction,2052609889,2026,1,0,EXECUTE,,0b58d495-8b47-4be9-ac5f-34e9815186d2,False,False,False,"[{""fromLineupSlotId"": -1, ""fromTeamId"": 0, ""isKeeper"": false, ""overallPickNumber"": 61, ""playerId"": 4431299, ""toLineupSlotId"": 4, ""toTeamId"": 6, ""type"": ""DRAFT""}]",,,1788148305216,0,,1,EXECUTED,,6,DRAFT
transaction,2052609889,2026,1,0,EXECUTE,,df6e8796-1dec-4221-8a88-8350816eb5b1,False,False,False,"[{""fromLineupSlotId"": -1, ""fromTeamId"": 0, ""isKeeper"": false, ""overallPickNumber"": 45, ""playerId"": -16014, ""toLineupSlotId"": 16, ""toTeamId"": 4, ""type"": ""DRAFT""}]",,,1788148305216,0,,1,EXECUTED,,4,DRAFT
transaction,2052609889,2026,1,0,EXECUTE,,50649c3f-f611-455a-a990-94c8abf40b83,False,False,False,"[{""fromLineupSlotId"": -1, ""fromTeamId"": 0, ""isKeeper"": false, ""overallPickNumber"": 152, ""playerId"": 4036133, ""toLineupSlotId"": 20, ""toTeamId"": 4, ""type"": ""DRAFT""}]",,,1788148305216,0,,1,EXECUTED,,4,DRAFT
transaction,2052609889,2026,1,0,EXECUTE,,07222705-1a80-4a32-b278-fd15c85988e2,False,False,False,"[{""fromLineupSlotId"": -1, ""fromTeamId"": 0, ""isKeeper"": false, ""overallPickNumber"": 194, ""playerId"": -16002, ""toLineupSlotId"": 20, ""toTeamId"": 9, ""type"": ""DRAFT""}]",,,1788148305216,0,,1,EXECUTED,,9,DRAFT
transaction,2052609889,2026,1,0,EXECUTE,,37b729f8-d764-4c65-b9b1-7eed8b56a37d,False,False,False,"[{""fromLineupSlotId"": -1, ""fromTeamId"": 0, ""isKeeper"": false, ""overallPickNumber"": 82, ""playerId"": 4568490, ""toLineupSlotId"": 2, ""toTeamId"": 9, ""type"": ""DRAFT""}]",,,1788148305216,0,,1,EXECUTED,,9,DRAFT
transaction,2052609889,2026,1,0,EXECUTE,,678924aa-1198-4d94-b04a-0be7a2c6b16f,False,False,False,"[{""fromLineupSlotId"": -1, ""fromTeamId"": 0, ""isKeeper"": false, ""overallPickNumber"": 0, ""playerId"": 4869961, ""toLineupSlotId"": 20, ""toTeamId"": 3, ""type"": ""ADD""}, {""fromLineupSlotId"": 20, ""fromTeamId"": 3, ""isKeeper"": false, ""overallPickNumber"": 0, ""playerId"": 5081397, ""toLineupSlotId"": -1, ""toTeamId"": 0, ""type"": ""DROP""}]",{5E45FFBD-E125-421C-92DB-4C9F02E8C747},,1789094265280,0,,1,EXECUTED,,3,FREEAGENT
transaction,2052609889,2026,1,0,EXECUTE,,8d0f413b-b415-4cf6-abab-07c340cbac59,False,False,False,"[{""fromLineupSlotId"": -1, ""fromTeamId"": 0, ""isKeeper"": false, ""overallPickNumber"": 129, ""playerId"": 3046779, ""toLineupSlotId"": 20, ""toTeamId"": 4, ""type"": ""DRAFT""}]",,,1788148305216,0,,1,EXECUTED,,4,DRAFT
transaction,2052609889,2026,1,0,EXECUTE,,413fac11-fa0a-43f0-b859-aab075481178,False,False,False,"[{""fromLineupSlotId"": -1, ""fromTeamId"": 0, ""isKeeper"": false, ""overallPickNumber"": 21, ""playerId"": 3929630, ""toLineupSlotId"": 2, ""toTeamId"": 13, ""type"": ""DRAFT""}]",,,1788148305216,0,,1,EXECUTED,,13,DRAFT
transaction,2052609889,2026,1,0,EXECUTE,,2b1cb2c6-f500-4d47-932f-e75b223f6198,False,False,False,"[{""fromLineupSlotId"": -1, ""fromTeamId"": 0, ""isKeeper"": false, ""overallPickNumber"": 163, ""playerId"": 4430834, ""toLineupSlotId"": 20, ""toTeamId"": 8, ""type"": ""DRAFT""}]",,,1788148305216,0,,1,EXECUTED,,8,DRAFT
transaction,2052609889,2026,1,0,EXECUTE,,7e2f9f98-8108-4afc-9d08-a3ba64ebcb4c,False,False,False,"[{""fromLineupSlotId"": -1, ""fromTeamId"": 0, ""isKeeper"": false, ""overallPickNumber"": 51, ""playerId"": 4882093, ""toLineupSlotId"": 2, ""toTeamId"": 8, ""type"": ""DRAFT""}]",,,1788148305216,0,,1,EXECUTED,,8,DRAFT
transaction,2052609889,2026,1,0,EXECUTE,,5f5ab3ef-f843-4bdf-9940-d3ba49a5994c,False,False,False,"[{""fromLineupSlotId"": -1, ""fromTeamId"": 0, ""isKeeper"": false, ""overallPickNumber"": 171, ""playerId"": 3050478, ""toLineupSlotId"": 20, ""toTeamId"": 9, ""type"": ""DRAFT""}]",,,1788148305216,0,,1,EXECUTED,,9,DRAFT
transaction,2052609889,2026,1,0,EXECUTE,,14e6e89d-aacb-40c1-8a56-4f5b0256bb68,False,False,False,"[{""fromLineupSlotId"": -1, ""fromTeamId"": 0, ""isKeeper"": false, ""overallPickNumber"": 42, ""playerId"": 4372016, ""toLineupSlotId"": 4, ""toTeamId"": 7, ""type"": ""DRAFT""}]",,,1788148305216,0,,1,EXECUTED,,7,DRAFT
transaction,2052609889,2026,1,0,EXECUTE,,c7141b5f-5ab3-445d-94ed-d6431512e161,False,False,False,"[{""fromLineupSlotId"": 20, ""fromTeamId"": 0, ""isKeeper"": false, ""overallPickNumber"": 0, ""playerId"": 4361529, ""toLineupSlotId"": 21, ""toTeamId"": 0, ""type"": ""LINEUP""}]",{09659767-BB50-483A-8B84-CCF99DBC91EA},,1788975440343,0,,1,EXECUTED,,6,ROSTER
transaction,2052609889,2026,1,0,EXECUTE,,7c1be01e-df7a-4031-a0a3-99f56d2ba06b,False,False,False,"[{""fromLineupSlotId"": -1, ""fromTeamId"": 0, ""isKeeper"": false, ""overallPickNumber"": 34, ""playerId"": 4429615, ""toLineupSlotId"": 4, ""toTeamId"": 8, ""type"": ""DRAFT""}]",,,1788148305216,0,,1,EXECUTED,,8,DRAFT
transaction,2052609889,2026,1,0,EXECUTE,,57550958-c662-416c-8a4d-690b6141434a,False,False,False,"[{""fromLineupSlotId"": -1, ""fromTeamId"": 0, ""isKeeper"": false, ""overallPickNumber"": 193, ""playerId"": 4869645, ""toLineupSlotId"": 20, ""toTeamId"": 1, ""type"": ""DRAFT""}]",,,1788148305216,0,,1,EXECUTED,,1,DRAFT
transaction,2052609889,2026,1,0,EXECUTE,,4d8e5817-0dfb-4e43-ba20-f11745afe7ed,False,False,False,"[{""fromLineupSlotId"": -1, ""fromTeamId"": 0, ""isKeeper"": false, ""overallPickNumber"": 130, ""playerId"": 4575131, ""toLineupSlotId"": 20, ""toTeamId"": 11, ""type"": ""DRAFT""}]",,,1788148305216,0,,1,EXECUTED,,11,DRAFT
transaction,2052609889,2026,1,0,EXECUTE,,e91ed0f7-7f8a-4311-8e8c-e97ed73dad1d,False,False,False,"[{""fromLineupSlotId"": -1, ""fromTeamId"": 0, ""isKeeper"": false, ""overallPickNumber"": 216, ""playerId"": 4241457, ""toLineupSlotId"": 20, ""toTeamId"": 12, ""type"": ""DRAFT""}]",,,1788148305216,0,,1,EXECUTED,,12,DRAFT
transaction,2052609889,2026,1,0,EXECUTE,,6f6aff20-a25c-4ca8-8b4c-13d36305a571,False,False,False,"[{""fromLineupSlotId"": -1, ""fromTeamId"": 0, ""isKeeper"": false, ""overallPickNumber"": 38, ""playerId"": 4569618, ""toLineupSlotId"": 4, ""toTeamId"": 3, ""type"": ""DRAFT""}]",,,1788148305216,0,,1,EXECUTED,,3,DRAFT
transaction,2052609889,2026,1,0,EXECUTE,,ca68bcdd-b5d2-4d92-93fb-6bf3cd3fa395,False,False,False,"[{""fromLineupSlotId"": 2, ""fromTeamId"": 0, ""isKeeper"": false, ""overallPickNumber"": 0, ""playerId"": 4432710, ""toLineupSlotId"": 20, ""toTeamId"": 0, ""type"": ""LINEUP""}]",{420B10CF-D9C7-4268-AACF-2065D727A2F5},,1788986444082,0,,1,EXECUTED,,1,ROSTER
transaction,2052609889,2026,1,0,EXECUTE,,3d15c3e2-d939-43fb-bc85-220b400efbc2,False,False,False,"[{""fromLineupSlotId"": -1, ""fromTeamId"": 0, ""isKeeper"": false, ""overallPickNumber"": 208, ""playerId"": 4429501, ""toLineupSlotId"": 20, ""toTeamId"": 4, ""type"": ""DRAFT""}]",,,1788148305216,0,,1,EXECUTED,,4,DRAFT
transaction,2052609889,2026,1,0,EXECUTE,,d479d139-ea08-4412-94f7-ee2ee0139107,False,False,False,"[{""fromLineupSlotId"": -1, ""fromTeamId"": 0, ""isKeeper"": false, ""overallPickNumber"": 119, ""playerId"": 4429025, ""toLineupSlotId"": 20, ""toTeamId"": 14, ""type"": ""DRAFT""}]",,,1788148305216,0,,1,EXECUTED,,14,DRAFT
transaction,2052609889,2026,1,0,EXECUTE,,f83c69db-b5b4-461d-b3c8-152be95ccb64,False,False,False,"[{""fromLineupSlotId"": -1, ""fromTeamId"": 0, ""isKeeper"": false, ""overallPickNumber"": 83, ""playerId"": 3916148, ""toLineupSlotId"": 23, ""toTeamId"": 5, ""type"": ""DRAFT""}]",,,1788148305216,0,,1,EXECUTED,,5,DRAFT
transaction,2052609889,2026,1,0,EXECUTE,,2da2e1a5-5a23-476d-b5f4-1567e5e58750,False,False,False,"[{""fromLineupSlotId"": -1, ""fromTeamId"": 0, ""isKeeper"": false, ""overallPickNumber"": 10, ""playerId"": 4379399, ""toLineupSlotId"": 2, ""toTeamId"": 3, ""type"": ""DRAFT""}]",,,1788148305216,0,,1,EXECUTED,,3,DRAFT
transaction,2052609889,2026,1,0,EXECUTE,,c6beb07b-6d37-48cc-934f-a1ba421794cd,False,False,False,"[{""fromLineupSlotId"": -1, ""fromTeamId"": 0, ""isKeeper"": false, ""overallPickNumber"": 0, ""playerId"": -16010, ""toLineupSlotId"": 16, ""toTeamId"": 12, ""type"": ""ADD""}, {""fromLineupSlotId"": 16, ""fromTeamId"": 12, ""isKeeper"": false, ""overallPickNumber"": 0, ""playerId"": -16017, ""toLineupSlotId"": -1, ""toTeamId"": 0, ""type"": ""DROP""}]",{DCD2262B-9570-4713-8396-9C62ADEE96AB},,1788991757747,0,,1,EXECUTED,,12,FREEAGENT
transaction,2052609889,2026,1,0,CANCEL,1789164497968,e37eb92a-0795-4650-9e16-a2a57ec7f5b6,False,False,True,"[{""fromLineupSlotId"": 20, ""fromTeamId"": 12, ""isKeeper"": false, ""overallPickNumber"": 0, ""playerId"": 3042519, ""toLineupSlotId"": -1, ""toTeamId"": 1, ""type"": ""TRADE""}, {""fromLineupSlotId"": 20, ""fromTeamId"": 1, ""isKeeper"": false, ""overallPickNumber"": 0, ""playerId"": 4047650, ""toLineupSlotId"": -1, ""toTeamId"": 12, ""type"": ""TRADE""}]",{420B10CF-D9C7-4268-AACF-2065D727A2F5},,1788991975919,0,faac44ff-cc06-4871-a271-27a6f36a080b,1,CANCELED,"{""12"": ""ACCEPTED""}",12,TRADE_PROPOSAL
transaction,2052609889,2026,1,0,EXECUTE,,1d77c2e6-b390-40c9-b5a4-9b916f1de7fa,False,False,False,"[{""fromLineupSlotId"": -1, ""fromTeamId"": 0, ""isKeeper"": false, ""overallPickNumber"": 170, ""playerId"": 3051876, ""toLineupSlotId"": 20, ""toTeamId"": 5, ""type"": ""DRAFT""}]",,,1788148305216,0,,1,EXECUTED,,5,DRAFT
transaction,2052609889,2026,1,0,EXECUTE,,236ad8ad-79a6-4488-bf11-39d46a54a108,False,False,False,"[{""fromLineupSlotId"": -1, ""fromTeamId"": 0, ""isKeeper"": false, ""overallPickNumber"": 75, ""playerId"": 4430027, ""toLineupSlotId"": 6, ""toTeamId"": 3, ""type"": ""DRAFT""}]",,,1788148305216,0,,1,EXECUTED,,3,DRAFT
transaction,2052609889,2026,1,0,EXECUTE,,cfd5e7b4-11a7-4fb7-926e-9378f05b5950,False,False,False,"[{""fromLineupSlotId"": 20, ""fromTeamId"": 0, ""isKeeper"": false, ""overallPickNumber"": 0, ""playerId"": 4880281, ""toLineupSlotId"": 21, ""toTeamId"": 0, ""type"": ""LINEUP""}]",{3DCCE924-FEBF-449A-A688-A69FA7E5A090},,1788148584598,0,,1,EXECUTED,,13,ROSTER
transaction,2052609889,2026,1,0,EXECUTE,,d40bc91b-4d25-408b-8ce6-7160e8d8a372,False,False,False,"[{""fromLineupSlotId"": -1, ""fromTeamId"": 0, ""isKeeper"": false, ""overallPickNumber"": 117, ""playerId"": 4361741, ""toLineupSlotId"": 20, ""toTeamId"": 6, ""type"": ""DRAFT""}]",,,1788148305216,0,,1,EXECUTED,,6,DRAFT
transaction,2052609889,2026,1,0,EXECUTE,,7069e3db-923d-4799-872b-2f58edacf4df,False,False,False,[],{9D2C933F-3612-45A7-AC93-3F361265A73E},,1789342226867,0,ae2ff956-ddb5-419d-b3c4-9b3b36ef546a,1,,,8,TRADE_ACCEPT
transaction,2052609889,2026,1,0,PROCESS,,0d981c99-cfe7-45cc-b669-b4ecf1f1c921,False,False,False,"[{""fromLineupSlotId"": 20, ""fromTeamId"": 0, ""isKeeper"": false, ""overallPickNumber"": 0, ""playerId"": 2977187, ""toLineupSlotId"": -1, ""toTeamId"": 13, ""type"": ""ADD""}]",NightlyLeagueUpdateTaskProcessor,1788246430606,1788246430587,0,ae703b2a-741f-46ac-98dd-7f211abc9fc8,1,FAILED_INVALIDPLAYERSOURCE,,13,WAIVER
transaction,2052609889,2026,1,0,EXECUTE,,9e86754f-1d0c-4e2b-ae20-02ee15bd1b0d,False,False,False,"[{""fromLineupSlotId"": -1, ""fromTeamId"": 0, ""isKeeper"": false, ""overallPickNumber"": 92, ""playerId"": 4429023, ""toLineupSlotId"": 23, ""toTeamId"": 13, ""type"": ""DRAFT""}]",,,1788148305216,0,,1,EXECUTED,,13,DRAFT
transaction,2052609889,2026,1,0,EXECUTE,,dde04cda-2d1e-468d-9375-5be90c625f31,False,False,False,"[{""fromLineupSlotId"": -1, ""fromTeamId"": 0, ""isKeeper"": false, ""overallPickNumber"": 15, ""playerId"": 4426502, ""toLineupSlotId"": 4, ""toTeamId"": 7, ""type"": ""DRAFT""}]",,,1788148305216,0,,1,EXECUTED,,7,DRAFT
transaction,2052609889,2026,1,0,EXECUTE,,6c9f675d-e172-42c0-a422-9b973eca997f,False,False,False,"[{""fromLineupSlotId"": -1, ""fromTeamId"": 0, ""isKeeper"": false, ""overallPickNumber"": 139, ""playerId"": -16023, ""toLineupSlotId"": 16, ""toTeamId"": 5, ""type"": ""DRAFT""}]",,,1788148305216,0,,1,EXECUTED,,5,DRAFT
transaction,2052609889,2026,1,0,EXECUTE,,cc5fc607-afc9-4eab-a6b7-e111ea5f34a1,False,False,False,"[{""fromLineupSlotId"": -1, ""fromTeamId"": 0, ""isKeeper"": false, ""overallPickNumber"": 186, ""playerId"": 4241474, ""toLineupSlotId"": 20, ""toTeamId"": 11, ""type"": ""DRAFT""}]",,,1788148305216,0,,1,EXECUTED,,11,DRAFT
transaction,2052609889,2026,1,0,EXECUTE,,365fb736-efc9-4a96-b095-6fee4265556f,False,False,False,"[{""fromLineupSlotId"": -1, ""fromTeamId"": 0, ""isKeeper"": false, ""overallPickNumber"": 77, ""playerId"": 4572680, ""toLineupSlotId"": 6, ""toTeamId"": 13, ""type"": ""DRAFT""}]",,,1788148305216,0,,1,EXECUTED,,13,DRAFT
transaction,2052609889,2026,1,0,EXECUTE,,ff72f206-3783-4a75-b81f-37986a170c7d,False,False,False,"[{""fromLineupSlotId"": 20, ""fromTeamId"": 0, ""isKeeper"": false, ""overallPickNumber"": 0, ""playerId"": 3149687, ""toLineupSlotId"": 2, ""toTeamId"": 0, ""type"": ""LINEUP""}, {""fromLineupSlotId"": 2, ""fromTeamId"": 0, ""isKeeper"": false, ""overallPickNumber"": 0, ""playerId"": 4047365, ""toLineupSlotId"": 20, ""toTeamId"": 0, ""type"": ""LINEUP""}]",{9D2C933F-3612-45A7-AC93-3F361265A73E},,1788746714389,0,,1,EXECUTED,,8,ROSTER
transaction,2052609889,2026,1,0,EXECUTE,,c1d71e6e-62ff-40b7-baad-7fef3e49a3f5,False,False,False,"[{""fromLineupSlotId"": -1, ""fromTeamId"": 0, ""isKeeper"": false, ""overallPickNumber"": 181, ""playerId"": -16012, ""toLineupSlotId"": 16, ""toTeamId"": 2, ""type"": ""DRAFT""}]",,,1788148305216,0,,1,EXECUTED,,2,DRAFT
transaction,2052609889,2026,1,0,EXECUTE,,bc8c5cac-fa19-434a-a2c5-4b1bea0a8ac7,False,False,False,"[{""fromLineupSlotId"": -1, ""fromTeamId"": 0, ""isKeeper"": false, ""overallPickNumber"": 144, ""playerId"": 4426385, ""toLineupSlotId"": 20, ""toTeamId"": 1, ""type"": ""DRAFT""}]",,,1788148305216,0,,1,EXECUTED,,1,DRAFT
transaction,2052609889,2026,1,0,EXECUTE,,31e91694-8d1b-4f2b-9459-023bdea2630d,False,False,False,"[{""fromLineupSlotId"": -1, ""fromTeamId"": 0, ""isKeeper"": false, ""overallPickNumber"": 111, ""playerId"": 4429205, ""toLineupSlotId"": 20, ""toTeamId"": 5, ""type"": ""DRAFT""}]",,,1788148305216,0,,1,EXECUTED,,5,DRAFT
transaction,2052609889,2026,1,0,EXECUTE,,e3255571-07df-49ff-92f9-f8d0b40a1020,False,False,False,"[{""fromLineupSlotId"": -1, ""fromTeamId"": 0, ""isKeeper"": false, ""overallPickNumber"": 221, ""playerId"": 4569603, ""toLineupSlotId"": 20, ""toTeamId"": 1, ""type"": ""DRAFT""}]",,,1788148305216,0,,1,EXECUTED,,1,DRAFT
transaction,2052609889,2026,1,0,EXECUTE,,66112314-1a21-41cf-9208-eceaa40bde69,False,False,False,"[{""fromLineupSlotId"": -1, ""fromTeamId"": 0, ""isKeeper"": false, ""overallPickNumber"": 137, ""playerId"": 4683062, ""toLineupSlotId"": 20, ""toTeamId"": 1, ""type"": ""DRAFT""}]",,,1788148305216,0,,1,EXECUTED,,1,DRAFT
transaction,2052609889,2026,1,0,EXECUTE,,1feb0cc3-3fbf-4fa7-b54d-fe738fa9c6cd,False,False,False,"[{""fromLineupSlotId"": -1, ""fromTeamId"": 0, ""isKeeper"": false, ""overallPickNumber"": 140, ""playerId"": 4373678, ""toLineupSlotId"": 20, ""toTeamId"": 10, ""type"": ""DRAFT""}]",,,1788148305216,0,,1,EXECUTED,,10,DRAFT
transaction,2052609889,2026,1,0,EXECUTE,,cd5ead44-0f02-45b8-bcd0-91a21781d4c8,False,False,False,"[{""fromLineupSlotId"": -1, ""fromTeamId"": 0, ""isKeeper"": false, ""overallPickNumber"": 14, ""playerId"": 4362238, ""toLineupSlotId"": 2, ""toTeamId"": 7, ""type"": ""DRAFT""}]",,,1788148305216,0,,1,EXECUTED,,7,DRAFT
transaction,2052609889,2026,1,0,EXECUTE,,20b1192a-3aea-4e9d-9f7c-b2956d586a23,False,False,False,"[{""fromLineupSlotId"": -1, ""fromTeamId"": 0, ""isKeeper"": false, ""overallPickNumber"": 93, ""playerId"": 4248528, ""toLineupSlotId"": 23, ""toTeamId"": 12, ""type"": ""DRAFT""}]",,,1788148305216,0,,1,EXECUTED,,12,DRAFT
transaction,2052609889,2026,1,0,EXECUTE,,6ebabaa6-b95e-40e9-bbad-37148ab7e6d9,False,False,False,"[{""fromLineupSlotId"": -1, ""fromTeamId"": 0, ""isKeeper"": false, ""overallPickNumber"": 20, ""playerId"": 4428331, ""toLineupSlotId"": 4, ""toTeamId"": 12, ""type"": ""DRAFT""}]",,,1788148305216,0,,1,EXECUTED,,12,DRAFT
transaction,2052609889,2026,1,0,EXECUTE,,06087a05-a28f-4a29-b02b-b6d97c800832,False,False,False,"[{""fromLineupSlotId"": -1, ""fromTeamId"": 0, ""isKeeper"": false, ""overallPickNumber"": 41, ""playerId"": 4239996, ""toLineupSlotId"": 23, ""toTeamId"": 2, ""type"": ""DRAFT""}]",,,1788148305216,0,,1,EXECUTED,,2,DRAFT
transaction,2052609889,2026,1,0,EXECUTE,,6657de3a-fde6-409f-88e1-bf983df2fa00,False,False,False,"[{""fromLineupSlotId"": -1, ""fromTeamId"": 0, ""isKeeper"": false, ""overallPickNumber"": 213, ""playerId"": 5081432, ""toLineupSlotId"": 20, ""toTeamId"": 4, ""type"": ""DRAFT""}]",,,1788148305216,0,,1,EXECUTED,,4,DRAFT
transaction,2052609889,2026,1,0,EXECUTE,,b104e6cc-559d-47ee-b923-abfb6854ba5c,False,False,False,"[{""fromLineupSlotId"": -1, ""fromTeamId"": 0, ""isKeeper"": false, ""overallPickNumber"": 142, ""playerId"": 4360689, ""toLineupSlotId"": 20, ""toTeamId"": 5, ""type"": ""DRAFT""}]",,,1788148305216,0,,1,EXECUTED,,5,DRAFT
transaction,2052609889,2026,1,0,EXECUTE,,0f4fb66b-c1bb-466d-bd17-57e27e09ad64,False,False,False,"[{""fromLineupSlotId"": -1, ""fromTeamId"": 0, ""isKeeper"": false, ""overallPickNumber"": 109, ""playerId"": 4608686, ""toLineupSlotId"": 2, ""toTeamId"": 1, ""type"": ""DRAFT""}]",,,1788148305216,0,,1,EXECUTED,,1,DRAFT
transaction,2052609889,2026,1,0,EXECUTE,,8b2dd177-059c-4ee6-88d5-f3d4800c7c9d,False,False,False,"[{""fromLineupSlotId"": -1, ""fromTeamId"": 0, ""isKeeper"": false, ""overallPickNumber"": 175, ""playerId"": 4242512, ""toLineupSlotId"": 20, ""toTeamId"": 14, ""type"": ""DRAFT""}]",,,1788148305216,0,,1,EXECUTED,,14,DRAFT
transaction,2052609889,2026,1,0,EXECUTE,,90d572ae-f9aa-4948-a057-49d15d55a4d4,False,False,False,"[{""fromLineupSlotId"": -1, ""fromTeamId"": 0, ""isKeeper"": false, ""overallPickNumber"": 133, ""playerId"": 4880281, ""toLineupSlotId"": 20, ""toTeamId"": 13, ""type"": ""DRAFT""}]",,,1788148305216,0,,1,EXECUTED,,13,DRAFT
transaction,2052609889,2026,1,0,PROCESS,,f9b868ba-5816-41a9-ba49-76a8932452cf,False,False,False,"[{""fromLineupSlotId"": -1, ""fromTeamId"": 0, ""isKeeper"": false, ""overallPickNumber"": 0, ""playerId"": 4685415, ""toLineupSlotId"": 20, ""toTeamId"": 2, ""type"": ""ADD""}]",NightlyLeagueUpdateTaskProcessor,1788332931186,1788332931129,0,13b7ec1d-f173-44b2-93e9-b7ec54a3a56e,1,EXECUTED,,2,WAIVER
transaction,2052609889,2026,1,0,EXECUTE,,f8444109-f032-449b-aa11-0986207db2a8,False,False,False,"[{""fromLineupSlotId"": -1, ""fromTeamId"": 0, ""isKeeper"": false, ""overallPickNumber"": 98, ""playerId"": 3116165, ""toLineupSlotId"": 20, ""toTeamId"": 7, ""type"": ""DRAFT""}]",,,1788148305216,0,,1,EXECUTED,,7,DRAFT
transaction,2052609889,2026,1,0,EXECUTE,,ad2381cb-38ce-46f8-b666-fa69f1df945e,False,False,False,"[{""fromLineupSlotId"": -1, ""fromTeamId"": 0, ""isKeeper"": false, ""overallPickNumber"": 110, ""playerId"": 4686361, ""toLineupSlotId"": 17, ""toTeamId"": 9, ""type"": ""DRAFT""}]",,,1788148305216,0,,1,EXECUTED,,9,DRAFT
transaction,2052609889,2026,1,0,EXECUTE,,62c98e48-faf4-4bbd-a8ca-10ede605ca55,False,False,False,"[{""fromLineupSlotId"": -1, ""fromTeamId"": 0, ""isKeeper"": false, ""overallPickNumber"": 190, ""playerId"": 4686658, ""toLineupSlotId"": 20, ""toTeamId"": 14, ""type"": ""DRAFT""}]",,,1788148305216,0,,1,EXECUTED,,14,DRAFT
transaction,2052609889,2026,1,0,EXECUTE,,aa37a236-6eb0-488f-9b0b-abd5d3467eea,False,False,False,"[{""fromLineupSlotId"": -1, ""fromTeamId"": 0, ""isKeeper"": false, ""overallPickNumber"": 22, ""playerId"": 4870808, ""toLineupSlotId"": 2, ""toTeamId"": 14, ""type"": ""DRAFT""}]",,,1788148305216,0,,1,EXECUTED,,14,DRAFT
transaction,2052609889,2026,1,0,EXECUTE,,668d6838-2761-4c15-ac63-4e236a9319b7,False,False,False,"[{""fromLineupSlotId"": -1, ""fromTeamId"": 0, ""isKeeper"": false, ""overallPickNumber"": 56, ""playerId"": 4569173, ""toLineupSlotId"": 2, ""toTeamId"": 10, ""type"": ""DRAFT""}]",,,1788148305216,0,,1,EXECUTED,,10,DRAFT
transaction,2052609889,2026,1,0,EXECUTE,,83a48fe8-1c58-42bc-928a-469c8645c643,False,False,False,"[{""fromLineupSlotId"": -1, ""fromTeamId"": 0, ""isKeeper"": false, ""overallPickNumber"": 157, ""playerId"": 4034949, ""toLineupSlotId"": 17, ""toTeamId"": 4, ""type"": ""DRAFT""}]",,,1788148305216,0,,1,EXECUTED,,4,DRAFT
transaction,2052609889,2026,1,0,EXECUTE,,15ab6c73-b2c3-417f-97ba-cd30ddf6ffa7,False,False,False,"[{""fromLineupSlotId"": -1, ""fromTeamId"": 0, ""isKeeper"": false, ""overallPickNumber"": 63, ""playerId"": 4431452, ""toLineupSlotId"": 0, ""toTeamId"": 14, ""type"": ""DRAFT""}]",,,1788148305216,0,,1,EXECUTED,,14,DRAFT
transaction,2052609889,2026,1,0,EXECUTE,,41c64179-c86d-43a8-865a-e44154a7237e,False,False,False,"[{""fromLineupSlotId"": -1, ""fromTeamId"": 0, ""isKeeper"": false, ""overallPickNumber"": 0, ""playerId"": 4429835, ""toLineupSlotId"": 20, ""toTeamId"": 2, ""type"": ""ADD""}, {""fromLineupSlotId"": 20, ""fromTeamId"": 2, ""isKeeper"": false, ""overallPickNumber"": 0, ""playerId"": 4870612, ""toLineupSlotId"": -1, ""toTeamId"": 0, ""type"": ""DROP""}]",{B2D96ED3-48A0-419E-8251-3F8700A0D3E9},,1788987002501,0,,1,EXECUTED,,2,FREEAGENT
transaction,2052609889,2026,1,0,EXECUTE,,53efce18-bda4-4ddd-99d9-8b2806424e9e,False,False,False,"[{""fromLineupSlotId"": -1, ""fromTeamId"": 0, ""isKeeper"": false, ""overallPickNumber"": 197, ""playerId"": -16009, ""toLineupSlotId"": 16, ""toTeamId"": 10, ""type"": ""DRAFT""}]",,,1788148305216,0,,1,EXECUTED,,10,DRAFT
transaction,2052609889,2026,1,0,EXECUTE,,aaaa4e99-5ea6-49e8-8f81-d94da07de46f,False,False,False,"[{""fromLineupSlotId"": 20, ""fromTeamId"": 0, ""isKeeper"": false, ""overallPickNumber"": 0, ""playerId"": 4701936, ""toLineupSlotId"": 23, ""toTeamId"": 0, ""type"": ""LINEUP""}]",{5E45FFBD-E125-421C-92DB-4C9F02E8C747},,1788842724049,0,,1,EXECUTED,,3,ROSTER
transaction,2052609889,2026,1,0,EXECUTE,,b0f86518-883d-422d-a695-495e88b20102,False,False,False,"[{""fromLineupSlotId"": -1, ""fromTeamId"": 0, ""isKeeper"": false, ""overallPickNumber"": 99, ""playerId"": 4431611, ""toLineupSlotId"": 0, ""toTeamId"": 7, ""type"": ""DRAFT""}]",,,1788148305216,0,,1,EXECUTED,,7,DRAFT
transaction,2052609889,2026,1,0,EXECUTE,,2526b819-833b-4406-a551-4789b0d2d5b8,False,False,False,"[{""fromLineupSlotId"": -1, ""fromTeamId"": 0, ""isKeeper"": false, ""overallPickNumber"": 43, ""playerId"": 4035538, ""toLineupSlotId"": 2, ""toTeamId"": 7, ""type"": ""DRAFT""}]",,,1788148305216,0,,1,EXECUTED,,7,DRAFT
transaction,2052609889,2026,1,0,EXECUTE,,5f47b694-3a57-43c0-9c74-c721c42929ef,False,False,False,"[{""fromLineupSlotId"": -1, ""fromTeamId"": 0, ""isKeeper"": false, ""overallPickNumber"": 55, ""playerId"": 3915416, ""toLineupSlotId"": 4, ""toTeamId"": 5, ""type"": ""DRAFT""}]",,,1788148305216,0,,1,EXECUTED,,5,DRAFT
transaction,2052609889,2026,1,0,EXECUTE,,480d4acf-5f7a-4077-8bac-c580cd53e76f,False,False,False,"[{""fromLineupSlotId"": -1, ""fromTeamId"": 0, ""isKeeper"": false, ""overallPickNumber"": 36, ""playerId"": 4612826, ""toLineupSlotId"": 4, ""toTeamId"": 13, ""type"": ""DRAFT""}]",,,1788148305216,0,,1,EXECUTED,,13,DRAFT
transaction,2052609889,2026,1,0,PROCESS,,c3f4b40d-43f8-4071-8631-3fd34c225f49,False,False,False,"[{""fromLineupSlotId"": -1, ""fromTeamId"": 0, ""isKeeper"": false, ""overallPickNumber"": 0, ""playerId"": 3149687, ""toLineupSlotId"": 20, ""toTeamId"": 8, ""type"": ""ADD""}, {""fromLineupSlotId"": 20, ""fromTeamId"": 8, ""isKeeper"": false, ""overallPickNumber"": 0, ""playerId"": 4685415, ""toLineupSlotId"": -1, ""toTeamId"": 0, ""type"": ""DROP""}]",NightlyLeagueUpdateTaskProcessor,1788246430606,1788246430587,0,8b67fd10-9f7d-43fd-b668-33956621766f,1,EXECUTED,,8,WAIVER
transaction,2052609889,2026,1,0,EXECUTE,,abf1c4a1-6c4c-43dd-b0ee-5966a6367fb4,False,False,False,"[{""fromLineupSlotId"": -1, ""fromTeamId"": 0, ""isKeeper"": false, ""overallPickNumber"": 19, ""playerId"": 4047646, ""toLineupSlotId"": 4, ""toTeamId"": 3, ""type"": ""DRAFT""}]",,,1788148305216,0,,1,EXECUTED,,3,DRAFT
transaction,2052609889,2026,1,0,EXECUTE,,3bd159f4-45b1-45db-8f46-433f2ecb8f25,False,False,False,"[{""fromLineupSlotId"": -1, ""fromTeamId"": 0, ""isKeeper"": false, ""overallPickNumber"": 78, ""playerId"": 4432620, ""toLineupSlotId"": 4, ""toTeamId"": 14, ""type"": ""DRAFT""}]",,,1788148305216,0,,1,EXECUTED,,14,DRAFT
transaction,2052609889,2026,1,0,PROCESS,,31b0e5d1-1ee0-4381-a89c-154bdff6dde0,False,False,False,"[{""fromLineupSlotId"": -1, ""fromTeamId"": 0, ""isKeeper"": false, ""overallPickNumber"": 0, ""playerId"": 4430034, ""toLineupSlotId"": 20, ""toTeamId"": 5, ""type"": ""ADD""}, {""fromLineupSlotId"": 20, ""fromTeamId"": 5, ""isKeeper"": false, ""overallPickNumber"": 0, ""playerId"": 4686612, ""toLineupSlotId"": -1, ""toTeamId"": 0, ""type"": ""DROP""}]",NightlyLeagueUpdateTaskProcessor,1788246430606,1788246430587,0,62752dda-0cd6-4906-8158-967c9fb10f89,1,EXECUTED,,5,WAIVER
transaction,2052609889,2026,1,0,EXECUTE,,71e170f8-4732-4cac-9782-613dba39c4c6,False,False,False,"[{""fromLineupSlotId"": -1, ""fromTeamId"": 0, ""isKeeper"": false, ""overallPickNumber"": 4, ""playerId"": 4430878, ""toLineupSlotId"": 4, ""toTeamId"": 1, ""type"": ""DRAFT""}]",,,1788148305216,0,,1,EXECUTED,,1,DRAFT
transaction,2052609889,2026,1,0,EXECUTE,,edb44304-4dfb-41ed-afb9-fb9ea15ba219,False,False,False,"[{""fromLineupSlotId"": -1, ""fromTeamId"": 0, ""isKeeper"": false, ""overallPickNumber"": 79, ""playerId"": 16737, ""toLineupSlotId"": 23, ""toTeamId"": 8, ""type"": ""DRAFT""}]",,,1788148305216,0,,1,EXECUTED,,8,DRAFT
transaction,2052609889,2026,1,0,EXECUTE,,7b39fcd5-3572-4dd1-b7f5-8d981190bd98,False,False,False,"[{""fromLineupSlotId"": -1, ""fromTeamId"": 0, ""isKeeper"": false, ""overallPickNumber"": 131, ""playerId"": 4361432, ""toLineupSlotId"": 20, ""toTeamId"": 3, ""type"": ""DRAFT""}]",,,1788148305216,0,,1,EXECUTED,,3,DRAFT
transaction,2052609889,2026,1,0,EXECUTE,,9dca7670-8a35-41f6-b261-9208f852a3a8,False,False,False,"[{""fromLineupSlotId"": -1, ""fromTeamId"": 0, ""isKeeper"": false, ""overallPickNumber"": 3, ""playerId"": 4374302, ""toLineupSlotId"": 4, ""toTeamId"": 9, ""type"": ""DRAFT""}]",,,1788148305216,0,,1,EXECUTED,,9,DRAFT
transaction,2052609889,2026,1,0,EXECUTE,,9b84c0d3-4507-4b38-8c67-4309b976d0b4,False,False,False,"[{""fromLineupSlotId"": -1, ""fromTeamId"": 0, ""isKeeper"": false, ""overallPickNumber"": 0, ""playerId"": 3116389, ""toLineupSlotId"": 2, ""toTeamId"": 1, ""type"": ""ADD""}, {""fromLineupSlotId"": 20, ""fromTeamId"": 1, ""isKeeper"": false, ""overallPickNumber"": 0, ""playerId"": 4569603, ""toLineupSlotId"": -1, ""toTeamId"": 0, ""type"": ""DROP""}]",{420B10CF-D9C7-4268-AACF-2065D727A2F5},,1788986467982,0,,1,EXECUTED,,1,FREEAGENT
transaction,2052609889,2026,1,0,EXECUTE,,339d48e4-1f87-4b12-9815-cae7dfc3f933,False,False,False,"[{""fromLineupSlotId"": 23, ""fromTeamId"": 0, ""isKeeper"": false, ""overallPickNumber"": 0, ""playerId"": 4379399, ""toLineupSlotId"": 2, ""toTeamId"": 0, ""type"": ""LINEUP""}, {""fromLineupSlotId"": 2, ""fromTeamId"": 0, ""isKeeper"": false, ""overallPickNumber"": 0, ""playerId"": 4371733, ""toLineupSlotId"": 23, ""toTeamId"": 0, ""type"": ""LINEUP""}]",{5E45FFBD-E125-421C-92DB-4C9F02E8C747},,1788148993727,0,,1,EXECUTED,,3,ROSTER
transaction,2052609889,2026,1,0,EXECUTE,,ce9e7892-07b6-45da-825d-88d1f5b500b1,False,False,False,"[{""fromLineupSlotId"": -1, ""fromTeamId"": 0, ""isKeeper"": false, ""overallPickNumber"": 106, ""playerId"": 4361050, ""toLineupSlotId"": 6, ""toTeamId"": 14, ""type"": ""DRAFT""}]",,,1788148305216,0,,1,EXECUTED,,14,DRAFT
transaction,2052609889,2026,1,0,EXECUTE,,d65f4f73-3795-4bab-8275-984dac0b32e1,False,False,False,"[{""fromLineupSlotId"": -1, ""fromTeamId"": 0, ""isKeeper"": false, ""overallPickNumber"": 192, ""playerId"": 4597500, ""toLineupSlotId"": 20, ""toTeamId"": 6, ""type"": ""DRAFT""}]",,,1788148305216,0,,1,EXECUTED,,6,DRAFT
transaction,2052609889,2026,1,0,EXECUTE,,5c8d78f5-7710-4bfb-8fb5-e312028d5999,False,False,False,"[{""fromLineupSlotId"": -1, ""fromTeamId"": 0, ""isKeeper"": false, ""overallPickNumber"": 206, ""playerId"": 4685720, ""toLineupSlotId"": 20, ""toTeamId"": 3, ""type"": ""DRAFT""}]",,,1788148305216,0,,1,EXECUTED,,3,DRAFT
transaction,2052609889,2026,1,0,EXECUTE,,a5bba47e-9810-46dc-a99f-e72913c4cf90,False,False,False,"[{""fromLineupSlotId"": -1, ""fromTeamId"": 0, ""isKeeper"": false, ""overallPickNumber"": 8, ""playerId"": 3117251, ""toLineupSlotId"": 2, ""toTeamId"": 13, ""type"": ""DRAFT""}]",,,1788148305216,0,,1,EXECUTED,,13,DRAFT
transaction,2052609889,2026,1,0,EXECUTE,,1bb23fb2-e078-4add-9c99-7d4a80ddee52,False,False,False,"[{""fromLineupSlotId"": 20, ""fromTeamId"": 0, ""isKeeper"": false, ""overallPickNumber"": 0, ""playerId"": 4701936, ""toLineupSlotId"": 23, ""toTeamId"": 0, ""type"": ""LINEUP""}, {""fromLineupSlotId"": 23, ""fromTeamId"": 0, ""isKeeper"": false, ""overallPickNumber"": 0, ""playerId"": 4371733, ""toLineupSlotId"": 20, ""toTeamId"": 0, ""type"": ""LINEUP""}]",{5E45FFBD-E125-421C-92DB-4C9F02E8C747},,1788842694058,0,,1,EXECUTED,,3,ROSTER
transaction,2052609889,2026,1,0,EXECUTE,,24b4e8e6-04ce-4dfa-9de4-22d713b38111,False,False,False,"[{""fromLineupSlotId"": -1, ""fromTeamId"": 0, ""isKeeper"": false, ""overallPickNumber"": 172, ""playerId"": -16033, ""toLineupSlotId"": 16, ""toTeamId"": 1, ""type"": ""DRAFT""}]",,,1788148305216,0,,1,EXECUTED,,1,DRAFT
transaction,2052609889,2026,1,0,EXECUTE,,e5655d7b-5086-425b-8eac-fb918fbb6190,False,False,False,"[{""fromLineupSlotId"": -1, ""fromTeamId"": 0, ""isKeeper"": false, ""overallPickNumber"": 158, ""playerId"": 3054850, ""toLineupSlotId"": 20, ""toTeamId"": 11, ""type"": ""DRAFT""}]",,,1788148305216,0,,1,EXECUTED,,11,DRAFT
transaction,2052609889,2026,1,0,PROCESS,,b320e0a0-d71c-4b08-982b-8cf34deb4171,False,False,False,"[{""fromLineupSlotId"": -1, ""fromTeamId"": 0, ""isKeeper"": false, ""overallPickNumber"": 0, ""playerId"": 2977187, ""toLineupSlotId"": 20, ""toTeamId"": 11, ""type"": ""ADD""}, {""fromLineupSlotId"": 20, ""fromTeamId"": 11, ""isKeeper"": false, ""overallPickNumber"": 0, ""playerId"": 4241474, ""toLineupSlotId"": -1, ""toTeamId"": 0, ""type"": ""DROP""}]",NightlyLeagueUpdateTaskProcessor,1788246430606,1788246430587,0,3f9b46ca-4228-4dfb-a284-6e5769da51f2,1,EXECUTED,,11,WAIVER
transaction,2052609889,2026,1,0,EXECUTE,,c4e104d1-7c55-495c-aede-f3db1943938c,False,False,False,"[{""fromLineupSlotId"": -1, ""fromTeamId"": 0, ""isKeeper"": false, ""overallPickNumber"": 187, ""playerId"": 17427, ""toLineupSlotId"": 17, ""toTeamId"": 3, ""type"": ""DRAFT""}]",,,1788148305216,0,,1,EXECUTED,,3,DRAFT
transaction,2052609889,2026,1,0,EXECUTE,,de57a78f-5752-4915-855b-9b7a506d0700,False,False,False,"[{""fromLineupSlotId"": 20, ""fromTeamId"": 0, ""isKeeper"": false, ""overallPickNumber"": 0, ""playerId"": 4429023, ""toLineupSlotId"": 23, ""toTeamId"": 0, ""type"": ""LINEUP""}, {""fromLineupSlotId"": 23, ""fromTeamId"": 0, ""isKeeper"": false, ""overallPickNumber"": 0, ""playerId"": 4360078, ""toLineupSlotId"": 20, ""toTeamId"": 0, ""type"": ""LINEUP""}]",{3DCCE924-FEBF-449A-A688-A69FA7E5A090},,1788297692979,0,,1,EXECUTED,,13,ROSTER
transaction,2052609889,2026,1,0,PROCESS,1789164775938,29ed135c-9720-45db-838c-fb22539f10e7,False,True,False,"[{""fromLineupSlotId"": 20, ""fromTeamId"": 1, ""isKeeper"": false, ""overallPickNumber"": 0, ""playerId"": 4047650, ""toLineupSlotId"": 20, ""toTeamId"": 12, ""type"": ""TRADE""}, {""fromLineupSlotId"": 20, ""fromTeamId"": 12, ""isKeeper"": false, ""overallPickNumber"": 0, ""playerId"": 3042519, ""toLineupSlotId"": 20, ""toTeamId"": 1, ""type"": ""TRADE""}]",{420B10CF-D9C7-4268-AACF-2065D727A2F5},1788991975938,1788991975919,0,,1,EXECUTED,"{""1"": ""ACCEPTED"", ""12"": ""ACCEPTED""}",1,TRADE_ACCEPT
transaction,2052609889,2026,1,0,EXECUTE,,57a9283d-eb9b-46cf-aa91-2386c05b9468,False,False,False,"[{""fromLineupSlotId"": 23, ""fromTeamId"": 0, ""isKeeper"": false, ""overallPickNumber"": 0, ""playerId"": 4701936, ""toLineupSlotId"": 20, ""toTeamId"": 0, ""type"": ""LINEUP""}, {""fromLineupSlotId"": 6, ""fromTeamId"": 0, ""isKeeper"": false, ""overallPickNumber"": 0, ""playerId"": 4430027, ""toLineupSlotId"": 23, ""toTeamId"": 0, ""type"": ""LINEUP""}]",{5E45FFBD-E125-421C-92DB-4C9F02E8C747},,1788842715673,0,,1,EXECUTED,,3,ROSTER
transaction,2052609889,2026,1,0,EXECUTE,,58e48e40-484a-4495-aea7-cc73c506a956,False,False,False,"[{""fromLineupSlotId"": -1, ""fromTeamId"": 0, ""isKeeper"": false, ""overallPickNumber"": 60, ""playerId"": 4432710, ""toLineupSlotId"": 2, ""toTeamId"": 1, ""type"": ""DRAFT""}]",,,1788148305216,0,,1,EXECUTED,,1,DRAFT
transaction,2052609889,2026,1,0,EXECUTE,,73e0175a-bdd2-4a59-80d7-ba17ec96b3b0,False,False,False,"[{""fromLineupSlotId"": 2, ""fromTeamId"": 0, ""isKeeper"": false, ""overallPickNumber"": 0, ""playerId"": 4569173, ""toLineupSlotId"": 20, ""toTeamId"": 0, ""type"": ""LINEUP""}, {""fromLineupSlotId"": 20, ""fromTeamId"": 0, ""isKeeper"": false, ""overallPickNumber"": 0, ""playerId"": 4038815, ""toLineupSlotId"": 2, ""toTeamId"": 0, ""type"": ""LINEUP""}]",{69FAE7D4-494B-4FEA-A60C-528E9439833B},,1788148324280,0,,1,EXECUTED,,10,ROSTER
transaction,2052609889,2026,1,0,EXECUTE,,7ac7ded4-5adf-4eb2-a8cd-9ac609a14505,False,False,False,"[{""fromLineupSlotId"": -1, ""fromTeamId"": 0, ""isKeeper"": false, ""overallPickNumber"": 215, ""playerId"": 4685261, ""toLineupSlotId"": 20, ""toTeamId"": 3, ""type"": ""DRAFT""}]",,,1788148305216,0,,1,EXECUTED,,3,DRAFT
transaction,2052609889,2026,1,0,EXECUTE,,7a02e4ba-e237-41a5-b2db-f140fae6f4ad,False,False,False,"[{""fromLineupSlotId"": -1, ""fromTeamId"": 0, ""isKeeper"": false, ""overallPickNumber"": 30, ""playerId"": 4567048, ""toLineupSlotId"": 2, ""toTeamId"": 5, ""type"": ""DRAFT""}]",,,1788148305216,0,,1,EXECUTED,,5,DRAFT
transaction,2052609889,2026,1,0,EXECUTE,,8c589f02-4fa1-4474-b7e0-f8f7cdbbcbdc,False,False,False,"[{""fromLineupSlotId"": -1, ""fromTeamId"": 0, ""isKeeper"": false, ""overallPickNumber"": 178, ""playerId"": -16008, ""toLineupSlotId"": 16, ""toTeamId"": 3, ""type"": ""DRAFT""}]",,,1788148305216,0,,1,EXECUTED,,3,DRAFT
transaction,2052609889,2026,1,0,EXECUTE,,daa77e17-6354-410c-8f5d-e417d9560b1f,False,False,False,"[{""fromLineupSlotId"": -1, ""fromTeamId"": 0, ""isKeeper"": false, ""overallPickNumber"": 150, ""playerId"": 4373626, ""toLineupSlotId"": 20, ""toTeamId"": 3, ""type"": ""DRAFT""}]",,,1788148305216,0,,1,EXECUTED,,3,DRAFT
transaction,2052609889,2026,1,0,EXECUTE,,ecd6d2e9-5d49-4793-80cb-a5476ff1595f,False,False,False,"[{""fromLineupSlotId"": -1, ""fromTeamId"": 0, ""isKeeper"": false, ""overallPickNumber"": 62, ""playerId"": 4047365, ""toLineupSlotId"": 2, ""toTeamId"": 8, ""type"": ""DRAFT""}]",,,1788148305216,0,,1,EXECUTED,,8,DRAFT
transaction,2052609889,2026,1,0,EXECUTE,,a0b0bbb9-d5e6-4a7c-a53a-1a8cf5ff5538,False,False,False,"[{""fromLineupSlotId"": -1, ""fromTeamId"": 0, ""isKeeper"": false, ""overallPickNumber"": 196, ""playerId"": 4870847, ""toLineupSlotId"": 20, ""toTeamId"": 10, ""type"": ""DRAFT""}]",,,1788148305216,0,,1,EXECUTED,,10,DRAFT
transaction,2052609889,2026,1,0,EXECUTE,,713a1002-dab0-4c13-a2c6-b9a6fe4cfdb4,False,False,False,"[{""fromLineupSlotId"": -1, ""fromTeamId"": 0, ""isKeeper"": false, ""overallPickNumber"": 179, ""playerId"": 4570037, ""toLineupSlotId"": 20, ""toTeamId"": 11, ""type"": ""DRAFT""}]",,,1788148305216,0,,1,EXECUTED,,11,DRAFT
transaction,2052609889,2026,1,0,EXECUTE,,799af0dd-6c0f-4f7f-af9d-969534293fd3,False,False,False,"[{""fromLineupSlotId"": -1, ""fromTeamId"": 0, ""isKeeper"": false, ""overallPickNumber"": 182, ""playerId"": 4702555, ""toLineupSlotId"": 20, ""toTeamId"": 7, ""type"": ""DRAFT""}]",,,1788148305216,0,,1,EXECUTED,,7,DRAFT
transaction,2052609889,2026,1,0,EXECUTE,,b222b19f-6c4d-4fca-9b59-f75111c77017,False,False,False,"[{""fromLineupSlotId"": -1, ""fromTeamId"": 0, ""isKeeper"": false, ""overallPickNumber"": 18, ""playerId"": 4890973, ""toLineupSlotId"": 2, ""toTeamId"": 11, ""type"": ""DRAFT""}]",,,1788148305216,0,,1,EXECUTED,,11,DRAFT
transaction,2052609889,2026,1,0,EXECUTE,,fa8539be-9bc9-4fd1-9a4f-4b1f58c9d54e,False,False,False,"[{""fromLineupSlotId"": -1, ""fromTeamId"": 0, ""isKeeper"": false, ""overallPickNumber"": 127, ""playerId"": 4360569, ""toLineupSlotId"": 20, ""toTeamId"": 7, ""type"": ""DRAFT""}]",,,1788148305216,0,,1,EXECUTED,,7,DRAFT
transaction,2052609889,2026,1,0,EXECUTE,,0767cb4e-b901-49ff-8ed4-e7b2067dc63e,False,False,False,"[{""fromLineupSlotId"": -1, ""fromTeamId"": 0, ""isKeeper"": false, ""overallPickNumber"": 37, ""playerId"": 4723086, ""toLineupSlotId"": 6, ""toTeamId"": 12, ""type"": ""DRAFT""}]",,,1788148305216,0,,1,EXECUTED,,12,DRAFT
transaction,2052609889,2026,1,0,EXECUTE,,767fb037-b16a-428a-9f6c-e64d537b16fd,False,False,False,"[{""fromLineupSlotId"": -1, ""fromTeamId"": 0, ""isKeeper"": false, ""overallPickNumber"": 0, ""playerId"": 4241474, ""toLineupSlotId"": 2, ""toTeamId"": 1, ""type"": ""ADD""}, {""fromLineupSlotId"": 2, ""fromTeamId"": 1, ""isKeeper"": false, ""overallPickNumber"": 0, ""playerId"": 3116389, ""toLineupSlotId"": -1, ""toTeamId"": 0, ""type"": ""DROP""}]",{420B10CF-D9C7-4268-AACF-2065D727A2F5},,1788986689667,0,,1,EXECUTED,,1,FREEAGENT
transaction,2052609889,2026,1,0,EXECUTE,,c70422f7-76e0-42cc-a402-8d92f0b215f6,False,False,False,"[{""fromLineupSlotId"": -1, ""fromTeamId"": 0, ""isKeeper"": false, ""overallPickNumber"": 116, ""playerId"": 12483, ""toLineupSlotId"": 0, ""toTeamId"": 1, ""type"": ""DRAFT""}]",,,1788148305216,0,,1,EXECUTED,,1,DRAFT
transaction,2052609889,2026,1,0,EXECUTE,,6f95e563-a97e-493d-8c9e-859f216c47e2,False,False,False,"[{""fromLineupSlotId"": -1, ""fromTeamId"": 0, ""isKeeper"": false, ""overallPickNumber"": 195, ""playerId"": 4382466, ""toLineupSlotId"": 20, ""toTeamId"": 5, ""type"": ""DRAFT""}]",,,1788148305216,0,,1,EXECUTED,,5,DRAFT
transaction,2052609889,2026,1,0,EXECUTE,,5e8a8da5-d81f-4273-ae2a-350cd2b93bca,False,False,False,"[{""fromLineupSlotId"": 20, ""fromTeamId"": 0, ""isKeeper"": false, ""overallPickNumber"": 0, ""playerId"": 3042519, ""toLineupSlotId"": 2, ""toTeamId"": 0, ""type"": ""LINEUP""}, {""fromLineupSlotId"": 2, ""fromTeamId"": 0, ""isKeeper"": false, ""overallPickNumber"": 0, ""playerId"": 4241474, ""toLineupSlotId"": 20, ""toTeamId"": 0, ""type"": ""LINEUP""}]",{420B10CF-D9C7-4268-AACF-2065D727A2F5},,1788991991085,0,,1,EXECUTED,,1,ROSTER
transaction,2052609889,2026,1,0,EXECUTE,,29c9c364-6a4d-4923-9df4-4a4a096dd628,False,False,False,"[{""fromLineupSlotId"": -1, ""fromTeamId"": 0, ""isKeeper"": false, ""overallPickNumber"": 115, ""playerId"": -16026, ""toLineupSlotId"": 16, ""toTeamId"": 9, ""type"": ""DRAFT""}]",,,1788148305216,0,,1,EXECUTED,,9,DRAFT
transaction,2052609889,2026,1,0,EXECUTE,,3ff53aa6-b7dd-4bf4-91e1-371fedd12f56,False,False,False,"[{""fromLineupSlotId"": -1, ""fromTeamId"": 0, ""isKeeper"": false, ""overallPickNumber"": 143, ""playerId"": 15818, ""toLineupSlotId"": 20, ""toTeamId"": 9, ""type"": ""DRAFT""}]",,,1788148305216,0,,1,EXECUTED,,9,DRAFT
transaction,2052609889,2026,1,0,EXECUTE,,45ec2002-cc1a-444b-8ba0-d297012e26a5,False,False,False,"[{""fromLineupSlotId"": -1, ""fromTeamId"": 0, ""isKeeper"": false, ""overallPickNumber"": 189, ""playerId"": -16024, ""toLineupSlotId"": 16, ""toTeamId"": 13, ""type"": ""DRAFT""}]",,,1788148305216,0,,1,EXECUTED,,13,DRAFT
transaction,2052609889,2026,1,0,EXECUTE,,80dc3b47-bc3a-44c4-a9ff-94d4ce163746,False,False,False,"[{""fromLineupSlotId"": -1, ""fromTeamId"": 0, ""isKeeper"": false, ""overallPickNumber"": 220, ""playerId"": 3886598, ""toLineupSlotId"": 20, ""toTeamId"": 6, ""type"": ""DRAFT""}]",,,1788148305216,0,,1,EXECUTED,,6,DRAFT
transaction,2052609889,2026,1,0,EXECUTE,,f9bdd9b8-dc88-43c5-b97c-2b07d1282709,False,False,False,"[{""fromLineupSlotId"": -1, ""fromTeamId"": 0, ""isKeeper"": false, ""overallPickNumber"": 33, ""playerId"": 4426354, ""toLineupSlotId"": 4, ""toTeamId"": 6, ""type"": ""DRAFT""}]",,,1788148305216,0,,1,EXECUTED,,6,DRAFT
transaction,2052609889,2026,1,0,EXECUTE,,6efc0b9e-6b31-4b13-8029-e59f99dca02f,False,False,False,"[{""fromLineupSlotId"": -1, ""fromTeamId"": 0, ""isKeeper"": false, ""overallPickNumber"": 17, ""playerId"": 3043078, ""toLineupSlotId"": 2, ""toTeamId"": 4, ""type"": ""DRAFT""}]",,,1788148305216,0,,1,EXECUTED,,4,DRAFT
transaction,2052609889,2026,1,0,EXECUTE,,b41e86bf-dc21-475c-b75a-9ab62a23d502,False,False,False,"[{""fromLineupSlotId"": -1, ""fromTeamId"": 0, ""isKeeper"": false, ""overallPickNumber"": 135, ""playerId"": 4362081, ""toLineupSlotId"": 17, ""toTeamId"": 8, ""type"": ""DRAFT""}]",,,1788148305216,0,,1,EXECUTED,,8,DRAFT
transaction,2052609889,2026,1,0,EXECUTE,,91d165c0-f63c-455f-8d4a-168510faef44,False,False,False,"[{""fromLineupSlotId"": -1, ""fromTeamId"": 0, ""isKeeper"": false, ""overallPickNumber"": 154, ""playerId"": 4428718, ""toLineupSlotId"": 20, ""toTeamId"": 7, ""type"": ""DRAFT""}]",,,1788148305216,0,,1,EXECUTED,,7,DRAFT
transaction,2052609889,2026,1,0,EXECUTE,,07dcf993-8b45-43a5-8d0a-2ca35f69e061,False,False,False,"[{""fromLineupSlotId"": -1, ""fromTeamId"": 0, ""isKeeper"": false, ""overallPickNumber"": 5, ""playerId"": 3918298, ""toLineupSlotId"": 0, ""toTeamId"": 6, ""type"": ""DRAFT""}]",,,1788148305216,0,,1,EXECUTED,,6,DRAFT
transaction,2052609889,2026,1,0,EXECUTE,,af79c08f-8637-410c-a075-e199cd593f65,False,False,False,"[{""fromLineupSlotId"": -1, ""fromTeamId"": 0, ""isKeeper"": false, ""overallPickNumber"": 138, ""playerId"": 3046439, ""toLineupSlotId"": 20, ""toTeamId"": 9, ""type"": ""DRAFT""}]",,,1788148305216,0,,1,EXECUTED,,9,DRAFT
transaction,2052609889,2026,1,0,EXECUTE,,26492ee8-4ba0-4bf9-8142-a26a4199c14b,False,False,False,"[{""fromLineupSlotId"": -1, ""fromTeamId"": 0, ""isKeeper"": false, ""overallPickNumber"": 145, ""playerId"": 4361529, ""toLineupSlotId"": 20, ""toTeamId"": 6, ""type"": ""DRAFT""}]",,,1788148305216,0,,1,EXECUTED,,6,DRAFT
transaction,2052609889,2026,1,0,EXECUTE,,e110ee79-1f0d-4fdc-99ad-100a3d10c36b,False,False,False,"[{""fromLineupSlotId"": -1, ""fromTeamId"": 0, ""isKeeper"": false, ""overallPickNumber"": 47, ""playerId"": 4696981, ""toLineupSlotId"": 2, ""toTeamId"": 3, ""type"": ""DRAFT""}]",,,1788148305216,0,,1,EXECUTED,,3,DRAFT
transaction,2052609889,2026,1,0,EXECUTE,,74187bb0-9925-486b-a7ee-4431d2e370df,False,False,False,"[{""fromLineupSlotId"": 2, ""fromTeamId"": 0, ""isKeeper"": false, ""overallPickNumber"": 0, ""playerId"": 4696981, ""toLineupSlotId"": 23, ""toTeamId"": 0, ""type"": ""LINEUP""}, {""fromLineupSlotId"": 23, ""fromTeamId"": 0, ""isKeeper"": false, ""overallPickNumber"": 0, ""playerId"": 4371733, ""toLineupSlotId"": 2, ""toTeamId"": 0, ""type"": ""LINEUP""}]",{5E45FFBD-E125-421C-92DB-4C9F02E8C747},,1788148960347,0,,1,EXECUTED,,3,ROSTER
transaction,2052609889,2026,1,0,EXECUTE,,9eab24cd-dc1d-454e-8066-ae5958f5aa99,False,False,False,"[{""fromLineupSlotId"": -1, ""fromTeamId"": 0, ""isKeeper"": false, ""overallPickNumber"": 96, ""playerId"": 4241416, ""toLineupSlotId"": 23, ""toTeamId"": 4, ""type"": ""DRAFT""}]",,,1788148305216,0,,1,EXECUTED,,4,DRAFT
transaction,2052609889,2026,1,0,EXECUTE,,b4e23f2e-011b-41ac-925d-56f1d71084c6,False,False,False,"[{""fromLineupSlotId"": -1, ""fromTeamId"": 0, ""isKeeper"": false, ""overallPickNumber"": 212, ""playerId"": 4367209, ""toLineupSlotId"": 20, ""toTeamId"": 2, ""type"": ""DRAFT""}]",,,1788148305216,0,,1,EXECUTED,,2,DRAFT
transaction,2052609889,2026,1,0,EXECUTE,,10531ed5-22f2-4291-b233-212aec4303b7,False,False,False,"[{""fromLineupSlotId"": -1, ""fromTeamId"": 0, ""isKeeper"": false, ""overallPickNumber"": 35, ""playerId"": 4427366, ""toLineupSlotId"": 2, ""toTeamId"": 14, ""type"": ""DRAFT""}]",,,1788148305216,0,,1,EXECUTED,,14,DRAFT
transaction,2052609889,2026,1,0,EXECUTE,,27aa6440-bc41-47b3-99ed-52220d7833b8,False,False,False,"[{""fromLineupSlotId"": -1, ""fromTeamId"": 0, ""isKeeper"": false, ""overallPickNumber"": 0, ""playerId"": 4869748, ""toLineupSlotId"": 20, ""toTeamId"": 5, ""type"": ""ADD""}, {""fromLineupSlotId"": 20, ""fromTeamId"": 5, ""isKeeper"": false, ""overallPickNumber"": 0, ""playerId"": 4430034, ""toLineupSlotId"": -1, ""toTeamId"": 0, ""type"": ""DROP""}]",{55AE8EA9-6209-4A42-9593-4440046DD4FB},,1788273024650,0,,1,EXECUTED,,5,FREEAGENT
transaction,2052609889,2026,1,0,EXECUTE,,d0ab33e2-c512-4033-9c89-485e51be8536,False,False,False,"[{""fromLineupSlotId"": -1, ""fromTeamId"": 0, ""isKeeper"": false, ""overallPickNumber"": 219, ""playerId"": 4361411, ""toLineupSlotId"": 20, ""toTeamId"": 8, ""type"": ""DRAFT""}]",,,1788148305216,0,,1,EXECUTED,,8,DRAFT
transaction,2052609889,2026,1,0,EXECUTE,,1f3b2464-9a9e-41a7-ba26-35637e9f8ce9,False,False,False,"[{""fromLineupSlotId"": -1, ""fromTeamId"": 0, ""isKeeper"": false, ""overallPickNumber"": 159, ""playerId"": 5081397, ""toLineupSlotId"": 20, ""toTeamId"": 3, ""type"": ""DRAFT""}]",,,1788148305216,0,,1,EXECUTED,,3,DRAFT
transaction,2052609889,2026,1,0,PROCESS,1788324198416,51576419-db58-4213-a498-26f246505408,False,True,False,"[{""fromLineupSlotId"": 2, ""fromTeamId"": 1, ""isKeeper"": false, ""overallPickNumber"": 0, ""playerId"": 4608686, ""toLineupSlotId"": 2, ""toTeamId"": 5, ""type"": ""TRADE""}, {""fromLineupSlotId"": 2, ""fromTeamId"": 5, ""isKeeper"": false, ""overallPickNumber"": 0, ""playerId"": 4430807, ""toLineupSlotId"": 2, ""toTeamId"": 1, ""type"": ""TRADE""}]",{420B10CF-D9C7-4268-AACF-2065D727A2F5},1788151398416,1788151398396,0,,1,EXECUTED,"{""1"": ""ACCEPTED"", ""5"": ""ACCEPTED""}",1,TRADE_ACCEPT
transaction,2052609889,2026,1,0,EXECUTE,,01cc7550-558d-4014-a6c4-3ee468a4b6b1,False,False,False,"[{""fromLineupSlotId"": -1, ""fromTeamId"": 0, ""isKeeper"": false, ""overallPickNumber"": 28, ""playerId"": 4258173, ""toLineupSlotId"": 4, ""toTeamId"": 10, ""type"": ""DRAFT""}]",,,1788148305216,0,,1,EXECUTED,,10,DRAFT
transaction,2052609889,2026,1,0,EXECUTE,,e8b1f8e8-53ca-4a35-931c-979000054c1d,False,False,False,"[{""fromLineupSlotId"": -1, ""fromTeamId"": 0, ""isKeeper"": false, ""overallPickNumber"": 132, ""playerId"": 2473037, ""toLineupSlotId"": 17, ""toTeamId"": 12, ""type"": ""DRAFT""}]",,,1788148305216,0,,1,EXECUTED,,12,DRAFT
transaction,2052609889,2026,1,0,EXECUTE,,87a19cf4-b93e-4612-9867-62abd0978d1c,False,False,False,"[{""fromLineupSlotId"": -1, ""fromTeamId"": 0, ""isKeeper"": false, ""overallPickNumber"": 71, ""playerId"": 5083076, ""toLineupSlotId"": 6, ""toTeamId"": 7, ""type"": ""DRAFT""}]",,,1788148305216,0,,1,EXECUTED,,7,DRAFT
transaction,2052609889,2026,1,0,EXECUTE,,aae13149-7a68-4afa-a4c5-2175a1c4256a,False,False,False,"[{""fromLineupSlotId"": -1, ""fromTeamId"": 0, ""isKeeper"": false, ""overallPickNumber"": 58, ""playerId"": 3139477, ""toLineupSlotId"": 0, ""toTeamId"": 5, ""type"": ""DRAFT""}]",,,1788148305216,0,,1,EXECUTED,,5,DRAFT
transaction,2052609889,2026,1,0,EXECUTE,,7b190443-e35d-4cde-88f0-50c36abd1d70,False,False,False,"[{""fromLineupSlotId"": -1, ""fromTeamId"": 0, ""isKeeper"": false, ""overallPickNumber"": 50, ""playerId"": 4259545, ""toLineupSlotId"": 23, ""toTeamId"": 14, ""type"": ""DRAFT""}]",,,1788148305216,0,,1,EXECUTED,,14,DRAFT
transaction,2052609889,2026,1,0,EXECUTE,,d26dff6d-cef8-48c0-ac3e-b1630edc09a6,False,False,False,"[{""fromLineupSlotId"": -1, ""fromTeamId"": 0, ""isKeeper"": false, ""overallPickNumber"": 59, ""playerId"": 3121023, ""toLineupSlotId"": 6, ""toTeamId"": 9, ""type"": ""DRAFT""}]",,,1788148305216,0,,1,EXECUTED,,9,DRAFT
transaction,2052609889,2026,1,0,EXECUTE,,0dca6618-019d-4f51-bb54-19ebbe946d64,False,False,False,"[{""fromLineupSlotId"": -1, ""fromTeamId"": 0, ""isKeeper"": false, ""overallPickNumber"": 31, ""playerId"": 4241478, ""toLineupSlotId"": 4, ""toTeamId"": 9, ""type"": ""DRAFT""}]",,,1788148305216,0,,1,EXECUTED,,9,DRAFT
transaction,2052609889,2026,1,0,EXECUTE,,ab0c69ee-2631-4d07-9901-bfbe3f73233a,False,False,False,"[{""fromLineupSlotId"": -1, ""fromTeamId"": 0, ""isKeeper"": false, ""overallPickNumber"": 174, ""playerId"": -16005, ""toLineupSlotId"": 16, ""toTeamId"": 8, ""type"": ""DRAFT""}]",,,1788148305216,0,,1,EXECUTED,,8,DRAFT
transaction,2052609889,2026,1,0,EXECUTE,,be487e64-1d17-4179-854b-6cbade4d84d8,False,False,False,"[{""fromLineupSlotId"": -1, ""fromTeamId"": 0, ""isKeeper"": false, ""overallPickNumber"": 214, ""playerId"": 4567104, ""toLineupSlotId"": 20, ""toTeamId"": 11, ""type"": ""DRAFT""}]",,,1788148305216,0,,1,EXECUTED,,11,DRAFT
transaction,2052609889,2026,1,0,EXECUTE,,02c43b23-42d9-4e2d-bf69-057cd060c243,False,False,False,"[{""fromLineupSlotId"": -1, ""fromTeamId"": 0, ""isKeeper"": false, ""overallPickNumber"": 80, ""playerId"": 4035687, ""toLineupSlotId"": 23, ""toTeamId"": 6, ""type"": ""DRAFT""}]",,,1788148305216,0,,1,EXECUTED,,6,DRAFT
transaction,2052609889,2026,1,0,EXECUTE,,e1b262a8-5d4e-4f23-a266-c98f581f14c5,False,False,False,"[{""fromLineupSlotId"": -1, ""fromTeamId"": 0, ""isKeeper"": false, ""overallPickNumber"": 180, ""playerId"": 4038441, ""toLineupSlotId"": 20, ""toTeamId"": 4, ""type"": ""DRAFT""}]",,,1788148305216,0,,1,EXECUTED,,4,DRAFT
transaction,2052609889,2026,1,0,EXECUTE,,a3648d77-3de7-4f58-be29-27aa099a3d95,False,False,False,"[{""fromLineupSlotId"": -1, ""fromTeamId"": 0, ""isKeeper"": false, ""overallPickNumber"": 120, ""playerId"": 4429096, ""toLineupSlotId"": 20, ""toTeamId"": 13, ""type"": ""DRAFT""}]",,,1788148305216,0,,1,EXECUTED,,13,DRAFT
transaction,2052609889,2026,1,0,EXECUTE,,1aa39b59-4577-42bc-a3a0-4f9a38edaac5,False,False,False,"[{""fromLineupSlotId"": -1, ""fromTeamId"": 0, ""isKeeper"": false, ""overallPickNumber"": 9, ""playerId"": 4242335, ""toLineupSlotId"": 2, ""toTeamId"": 12, ""type"": ""DRAFT""}]",,,1788148305216,0,,1,EXECUTED,,12,DRAFT
transaction,2052609889,2026,1,0,EXECUTE,,a38db76c-5845-4106-8a6b-8c896fd087ac,False,False,False,"[{""fromLineupSlotId"": -1, ""fromTeamId"": 0, ""isKeeper"": false, ""overallPickNumber"": 64, ""playerId"": 4871023, ""toLineupSlotId"": 4, ""toTeamId"": 13, ""type"": ""DRAFT""}]",,,1788148305216,0,,1,EXECUTED,,13,DRAFT
transaction,2052609889,2026,1,0,EXECUTE,,90f9ca73-f002-48b5-b199-3ca3edeeecda,False,False,False,"[{""fromLineupSlotId"": 23, ""fromTeamId"": 0, ""isKeeper"": false, ""overallPickNumber"": 0, ""playerId"": 4248528, ""toLineupSlotId"": 20, ""toTeamId"": 0, ""type"": ""LINEUP""}, {""fromLineupSlotId"": 20, ""fromTeamId"": 0, ""isKeeper"": false, ""overallPickNumber"": 0, ""playerId"": 4047650, ""toLineupSlotId"": 23, ""toTeamId"": 0, ""type"": ""LINEUP""}]",{DCD2262B-9570-4713-8396-9C62ADEE96AB},,1788993199810,0,,1,EXECUTED,,12,ROSTER
transaction,2052609889,2026,1,0,PROCESS,1788324269206,fe36d501-7f6c-4364-b1fa-a7d7342acf0c,False,True,False,"[{""fromLineupSlotId"": 2, ""fromTeamId"": 1, ""isKeeper"": false, ""overallPickNumber"": 0, ""playerId"": 4430807, ""toLineupSlotId"": 2, ""toTeamId"": 5, ""type"": ""TRADE""}, {""fromLineupSlotId"": 2, ""fromTeamId"": 5, ""isKeeper"": false, ""overallPickNumber"": 0, ""playerId"": 4608686, ""toLineupSlotId"": 2, ""toTeamId"": 1, ""type"": ""TRADE""}]",{420B10CF-D9C7-4268-AACF-2065D727A2F5},1788151469206,1788151469185,0,,1,EXECUTED,"{""1"": ""ACCEPTED"", ""5"": ""ACCEPTED""}",1,TRADE_ACCEPT
transaction,2052609889,2026,1,0,EXECUTE,,feaa8a7b-bcb4-4123-b3ea-cf9a3119be1d,False,False,False,"[{""fromLineupSlotId"": -1, ""fromTeamId"": 0, ""isKeeper"": false, ""overallPickNumber"": 94, ""playerId"": 4371733, ""toLineupSlotId"": 23, ""toTeamId"": 3, ""type"": ""DRAFT""}]",,,1788148305216,0,,1,EXECUTED,,3,DRAFT
transaction,2052609889,2026,1,0,EXECUTE,,a79a36e2-3a01-4c8b-8b5b-f38d868f709b,False,False,False,"[{""fromLineupSlotId"": -1, ""fromTeamId"": 0, ""isKeeper"": false, ""overallPickNumber"": 169, ""playerId"": 4596334, ""toLineupSlotId"": 20, ""toTeamId"": 10, ""type"": ""DRAFT""}]",,,1788148305216,0,,1,EXECUTED,,10,DRAFT
transaction,2052609889,2026,1,0,EXECUTE,,953a5ea9-d81c-402e-9512-d9c8d0b0d180,False,False,False,"[{""fromLineupSlotId"": -1, ""fromTeamId"": 0, ""isKeeper"": false, ""overallPickNumber"": 122, ""playerId"": 4428557, ""toLineupSlotId"": 20, ""toTeamId"": 3, ""type"": ""DRAFT""}]",,,1788148305216,0,,1,EXECUTED,,3,DRAFT
transaction,2052609889,2026,1,0,EXECUTE,,186e1e28-a2db-4ab7-96c7-27abf4dba7c7,False,False,False,"[{""fromLineupSlotId"": -1, ""fromTeamId"": 0, ""isKeeper"": false, ""overallPickNumber"": 107, ""playerId"": 4685415, ""toLineupSlotId"": 20, ""toTeamId"": 8, ""type"": ""DRAFT""}]",,,1788148305216,0,,1,EXECUTED,,8,DRAFT
transaction,2052609889,2026,1,0,EXECUTE,,d7ece43d-4655-4511-ba44-02d584778e2a,False,False,False,"[{""fromLineupSlotId"": -1, ""fromTeamId"": 0, ""isKeeper"": false, ""overallPickNumber"": 105, ""playerId"": 4360078, ""toLineupSlotId"": 20, ""toTeamId"": 13, ""type"": ""DRAFT""}]",,,1788148305216,0,,1,EXECUTED,,13,DRAFT
transaction,2052609889,2026,1,0,EXECUTE,,7143ed41-3ed2-4604-8a37-2eac37242925,False,False,False,"[{""fromLineupSlotId"": -1, ""fromTeamId"": 0, ""isKeeper"": false, ""overallPickNumber"": 148, ""playerId"": 3052587, ""toLineupSlotId"": 20, ""toTeamId"": 13, ""type"": ""DRAFT""}]",,,1788148305216,0,,1,EXECUTED,,13,DRAFT
transaction,2052609889,2026,1,0,EXECUTE,,ed4f8afc-d121-425b-b823-989ac10a1c32,False,False,False,"[{""fromLineupSlotId"": -1, ""fromTeamId"": 0, ""isKeeper"": false, ""overallPickNumber"": 0, ""playerId"": 3116406, ""toLineupSlotId"": 20, ""toTeamId"": 5, ""type"": ""ADD""}, {""fromLineupSlotId"": 20, ""fromTeamId"": 5, ""isKeeper"": false, ""overallPickNumber"": 0, ""playerId"": 3051876, ""toLineupSlotId"": -1, ""toTeamId"": 0, ""type"": ""DROP""}]",{55AE8EA9-6209-4A42-9593-4440046DD4FB},,1789398257887,0,,1,EXECUTED,,5,FREEAGENT
transaction,2052609889,2026,1,0,EXECUTE,,ecf5bf4f-cd50-47fe-86de-d0a160652676,False,False,False,"[{""fromLineupSlotId"": -1, ""fromTeamId"": 0, ""isKeeper"": false, ""overallPickNumber"": 166, ""playerId"": 3912547, ""toLineupSlotId"": 20, ""toTeamId"": 9, ""type"": ""DRAFT""}]",,,1788148305216,0,,1,EXECUTED,,9,DRAFT
transaction,2052609889,2026,1,0,EXECUTE,,3735800d-2664-4504-9ab8-708f330b2529,False,False,False,"[{""fromLineupSlotId"": -1, ""fromTeamId"": 0, ""isKeeper"": false, ""overallPickNumber"": 44, ""playerId"": 16800, ""toLineupSlotId"": 4, ""toTeamId"": 2, ""type"": ""DRAFT""}]",,,1788148305216,0,,1,EXECUTED,,2,DRAFT
transaction,2052609889,2026,1,0,EXECUTE,,c424908f-7dee-42c8-beb4-332f4655691f,False,False,False,"[{""fromLineupSlotId"": -1, ""fromTeamId"": 0, ""isKeeper"": false, ""overallPickNumber"": 203, ""playerId"": 17372, ""toLineupSlotId"": 17, ""toTeamId"": 14, ""type"": ""DRAFT""}]",,,1788148305216,0,,1,EXECUTED,,14,DRAFT
transaction,2052609889,2026,1,0,EXECUTE,,112a36b6-de09-4e94-b7aa-5a091142efa5,False,False,False,"[{""fromLineupSlotId"": -1, ""fromTeamId"": 0, ""isKeeper"": false, ""overallPickNumber"": 97, ""playerId"": 15847, ""toLineupSlotId"": 6, ""toTeamId"": 2, ""type"": ""DRAFT""}]",,,1788148305216,0,,1,EXECUTED,,2,DRAFT
transaction,2052609889,2026,1,0,EXECUTE,,81f0986f-6643-4bfa-9034-26be3773ebe2,False,False,False,"[{""fromLineupSlotId"": 20, ""fromTeamId"": 1, ""isKeeper"": false, ""overallPickNumber"": 0, ""playerId"": 4241474, ""toLineupSlotId"": -1, ""toTeamId"": 0, ""type"": ""DROP""}]",{420B10CF-D9C7-4268-AACF-2065D727A2F5},,1789152897195,0,,1,EXECUTED,,1,ROSTER
transaction,2052609889,2026,1,0,EXECUTE,,d27e094a-ae06-4c03-9c1a-a90ecf07f073,False,False,False,"[{""fromLineupSlotId"": -1, ""fromTeamId"": 0, ""isKeeper"": false, ""overallPickNumber"": 108, ""playerId"": 3916433, ""toLineupSlotId"": 20, ""toTeamId"": 6, ""type"": ""DRAFT""}]",,,1788148305216,0,,1,EXECUTED,,6,DRAFT
transaction,2052609889,2026,1,0,EXECUTE,,c25d134a-85ed-43d6-b10d-60fd974f51cc,False,False,False,"[{""fromLineupSlotId"": -1, ""fromTeamId"": 0, ""isKeeper"": false, ""overallPickNumber"": 126, ""playerId"": 4695883, ""toLineupSlotId"": 20, ""toTeamId"": 7, ""type"": ""DRAFT""}]",,,1788148305216,0,,1,EXECUTED,,7,DRAFT
transaction,2052609889,2026,1,0,PROCESS,,b4e7e57e-638f-413e-9aa7-6b22ed5be1b2,False,False,False,"[{""fromLineupSlotId"": 20, ""fromTeamId"": 0, ""isKeeper"": false, ""overallPickNumber"": 0, ""playerId"": 4685415, ""toLineupSlotId"": -1, ""toTeamId"": 5, ""type"": ""ADD""}, {""fromLineupSlotId"": 20, ""fromTeamId"": 5, ""isKeeper"": false, ""overallPickNumber"": 0, ""playerId"": 4382466, ""toLineupSlotId"": -1, ""toTeamId"": 0, ""type"": ""DROP""}]",NightlyLeagueUpdateTaskProcessor,1788332931186,1788332931129,0,4caaccbd-ba90-4430-aebd-75280536a201,1,FAILED_INVALIDPLAYERSOURCE,,5,WAIVER
transaction,2052609889,2026,1,0,EXECUTE,,4278b15e-b3e5-4c9a-bb6e-c961f9e612f7,False,False,False,"[{""fromLineupSlotId"": -1, ""fromTeamId"": 0, ""isKeeper"": false, ""overallPickNumber"": 84, ""playerId"": 4038815, ""toLineupSlotId"": 20, ""toTeamId"": 10, ""type"": ""DRAFT""}]",,,1788148305216,0,,1,EXECUTED,,10,DRAFT
transaction,2052609889,2026,1,0,EXECUTE,,d33923c2-6681-40d2-b362-d5ecc7c386aa,False,False,False,"[{""fromLineupSlotId"": -1, ""fromTeamId"": 0, ""isKeeper"": false, ""overallPickNumber"": 57, ""playerId"": 3121422, ""toLineupSlotId"": 23, ""toTeamId"": 10, ""type"": ""DRAFT""}]",,,1788148305216,0,,1,EXECUTED,,10,DRAFT
transaction,2052609889,2026,1,0,EXECUTE,,45db9e09-e714-4298-836f-4cc446c2f414,False,False,False,"[{""fromLineupSlotId"": -1, ""fromTeamId"": 0, ""isKeeper"": false, ""overallPickNumber"": 53, ""playerId"": 4431459, ""toLineupSlotId"": 23, ""toTeamId"": 1, ""type"": ""DRAFT""}]",,,1788148305216,0,,1,EXECUTED,,1,DRAFT
transaction,2052609889,2026,1,0,EXECUTE,,161d0623-8d33-40a3-bb06-e183e624da67,False,False,False,"[{""fromLineupSlotId"": -1, ""fromTeamId"": 0, ""isKeeper"": false, ""overallPickNumber"": 86, ""playerId"": 4385690, ""toLineupSlotId"": 6, ""toTeamId"": 5, ""type"": ""DRAFT""}]",,,1788148305216,0,,1,EXECUTED,,5,DRAFT
transaction,2052609889,2026,1,0,EXECUTE,,b8310204-e6a7-4a56-a21a-f0f16840aa07,False,False,False,"[{""fromLineupSlotId"": -1, ""fromTeamId"": 0, ""isKeeper"": false, ""overallPickNumber"": 124, ""playerId"": 3116365, ""toLineupSlotId"": 6, ""toTeamId"": 4, ""type"": ""DRAFT""}]",,,1788148305216,0,,1,EXECUTED,,4,DRAFT
transaction,2052609889,2026,1,0,EXECUTE,,7fd60296-8cac-4afd-bd48-234df9709f39,False,False,False,"[{""fromLineupSlotId"": -1, ""fromTeamId"": 0, ""isKeeper"": false, ""overallPickNumber"": 102, ""playerId"": 4432773, ""toLineupSlotId"": 20, ""toTeamId"": 11, ""type"": ""DRAFT""}]",,,1788148305216,0,,1,EXECUTED,,11,DRAFT
transaction,2052609889,2026,1,0,EXECUTE,,53159de2-a528-47a8-9da1-d3c09c9e15ef,False,False,False,"[{""fromLineupSlotId"": -1, ""fromTeamId"": 0, ""isKeeper"": false, ""overallPickNumber"": 136, ""playerId"": -16007, ""toLineupSlotId"": 16, ""toTeamId"": 6, ""type"": ""DRAFT""}]",,,1788148305216,0,,1,EXECUTED,,6,DRAFT
transaction,2052609889,2026,1,0,EXECUTE,,c33b7757-e797-4504-998b-1ebc211c6981,False,False,False,"[{""fromLineupSlotId"": -1, ""fromTeamId"": 0, ""isKeeper"": false, ""overallPickNumber"": 87, ""playerId"": 2976212, ""toLineupSlotId"": 23, ""toTeamId"": 9, ""type"": ""DRAFT""}]",,,1788148305216,0,,1,EXECUTED,,9,DRAFT
transaction,2052609889,2026,1,0,EXECUTE,,f5a46916-503b-41e6-a56c-ce7c6a204c1a,False,False,False,"[{""fromLineupSlotId"": -1, ""fromTeamId"": 0, ""isKeeper"": false, ""overallPickNumber"": 73, ""playerId"": 4038941, ""toLineupSlotId"": 0, ""toTeamId"": 4, ""type"": ""DRAFT""}]",,,1788148305216,0,,1,EXECUTED,,4,DRAFT
transaction,2052609889,2026,1,0,EXECUTE,,b0838a24-d56e-4f7a-86fb-c198d65472e2,False,False,False,"[{""fromLineupSlotId"": -1, ""fromTeamId"": 0, ""isKeeper"": false, ""overallPickNumber"": 76, ""playerId"": 3128429, ""toLineupSlotId"": 4, ""toTeamId"": 12, ""type"": ""DRAFT""}]",,,1788148305216,0,,1,EXECUTED,,12,DRAFT
transaction,2052609889,2026,1,0,EXECUTE,,c9e6862c-f717-4b90-9b39-fd4a40ea2e7f,False,False,False,"[{""fromLineupSlotId"": -1, ""fromTeamId"": 0, ""isKeeper"": false, ""overallPickNumber"": 89, ""playerId"": 4242355, ""toLineupSlotId"": 6, ""toTeamId"": 6, ""type"": ""DRAFT""}]",,,1788148305216,0,,1,EXECUTED,,6,DRAFT
transaction,2052609889,2026,1,0,EXECUTE,,6d2472bc-4ea6-46e5-aad2-cf90e0660fbf,False,False,False,"[{""fromLineupSlotId"": -1, ""fromTeamId"": 0, ""isKeeper"": false, ""overallPickNumber"": 40, ""playerId"": 4567750, ""toLineupSlotId"": 4, ""toTeamId"": 4, ""type"": ""DRAFT""}]",,,1788148305216,0,,1,EXECUTED,,4,DRAFT
transaction,2052609889,2026,1,0,EXECUTE,,4987429c-ec92-4036-b9b7-33fffd85d1d6,False,False,False,"[{""fromLineupSlotId"": -1, ""fromTeamId"": 0, ""isKeeper"": false, ""overallPickNumber"": 146, ""playerId"": 3917315, ""toLineupSlotId"": 20, ""toTeamId"": 8, ""type"": ""DRAFT""}]",,,1788148305216,0,,1,EXECUTED,,8,DRAFT
transaction,2052609889,2026,1,0,EXECUTE,,5d94ded8-0da6-4476-9bb5-8ee058cebc79,False,False,False,"[{""fromLineupSlotId"": -1, ""fromTeamId"": 0, ""isKeeper"": false, ""overallPickNumber"": 177, ""playerId"": -16017, ""toLineupSlotId"": 16, ""toTeamId"": 12, ""type"": ""DRAFT""}]",,,1788148305216,0,,1,EXECUTED,,12,DRAFT
transaction,2052609889,2026,1,0,EXECUTE,,f0d17a4b-7156-4e13-a9e1-8fbc1132b7ad,False,False,False,"[{""fromLineupSlotId"": -1, ""fromTeamId"": 0, ""isKeeper"": false, ""overallPickNumber"": 1, ""playerId"": 4429795, ""toLineupSlotId"": 2, ""toTeamId"": 10, ""type"": ""DRAFT""}]",,,1788148305216,0,,1,EXECUTED,,10,DRAFT
transaction,2052609889,2026,1,0,EXECUTE,,4559dda3-4f77-47cf-94a2-6007e8c9c95d,False,False,False,"[{""fromLineupSlotId"": -1, ""fromTeamId"": 0, ""isKeeper"": false, ""overallPickNumber"": 81, ""playerId"": 4047650, ""toLineupSlotId"": 20, ""toTeamId"": 1, ""type"": ""DRAFT""}]",,,1788148305216,0,,1,EXECUTED,,1,DRAFT
transaction,2052609889,2026,1,0,EXECUTE,,6147b2c1-00a9-47c6-b811-80f6b3107d7d,False,False,False,,{B2D96ED3-48A0-419E-8251-3F8700A0D3E9},,1788192191141,0,ed6e8b2c-7db8-4fcf-926f-c447667c500e,1,EXECUTED,,2,TRADE_DECLINE
transaction,2052609889,2026,1,0,EXECUTE,,5f29497f-ba5b-47d1-b682-84166504f61e,False,False,False,"[{""fromLineupSlotId"": -1, ""fromTeamId"": 0, ""isKeeper"": false, ""overallPickNumber"": 118, ""playerId"": 4688813, ""toLineupSlotId"": 20, ""toTeamId"": 8, ""type"": ""DRAFT""}]",,,1788148305216,0,,1,EXECUTED,,8,DRAFT
transaction,2052609889,2026,1,0,EXECUTE,,adf592d1-9f6f-4836-8c66-64fed43df8a0,False,False,False,"[{""fromLineupSlotId"": -1, ""fromTeamId"": 0, ""isKeeper"": false, ""overallPickNumber"": 217, ""playerId"": 3117256, ""toLineupSlotId"": 20, ""toTeamId"": 13, ""type"": ""DRAFT""}]",,,1788148305216,0,,1,EXECUTED,,13,DRAFT
transaction,2052609889,2026,1,0,EXECUTE,,25d6f754-fbf9-4c5d-a28b-24dc1cc8c2f2,False,False,False,"[{""fromLineupSlotId"": -1, ""fromTeamId"": 0, ""isKeeper"": false, ""overallPickNumber"": 13, ""playerId"": 4429160, ""toLineupSlotId"": 2, ""toTeamId"": 2, ""type"": ""DRAFT""}]",,,1788148305216,0,,1,EXECUTED,,2,DRAFT
transaction,2052609889,2026,1,0,EXECUTE,,400f1382-cb55-4f75-91a4-9ce7db50e7f1,False,False,False,"[{""fromLineupSlotId"": -1, ""fromTeamId"": 0, ""isKeeper"": false, ""overallPickNumber"": 100, ""playerId"": 4569587, ""toLineupSlotId"": 20, ""toTeamId"": 2, ""type"": ""DRAFT""}]",,,1788148305216,0,,1,EXECUTED,,2,DRAFT
transaction,2052609889,2026,1,0,EXECUTE,,87f06615-e107-45b7-aeec-be928a8cf3c6,False,False,False,"[{""fromLineupSlotId"": 2, ""fromTeamId"": 0, ""isKeeper"": false, ""overallPickNumber"": 0, ""playerId"": 4685382, ""toLineupSlotId"": 23, ""toTeamId"": 0, ""type"": ""LINEUP""}, {""fromLineupSlotId"": 23, ""fromTeamId"": 0, ""isKeeper"": false, ""overallPickNumber"": 0, ""playerId"": 4239996, ""toLineupSlotId"": 2, ""toTeamId"": 0, ""type"": ""LINEUP""}]",{B2D96ED3-48A0-419E-8251-3F8700A0D3E9},,1788611075314,0,,1,EXECUTED,,2,ROSTER
transaction,2052609889,2026,1,0,EXECUTE,,c575cf4f-f110-49d8-b287-8ab47375f1d3,False,False,False,"[{""fromLineupSlotId"": -1, ""fromTeamId"": 0, ""isKeeper"": false, ""overallPickNumber"": 205, ""playerId"": 4569559, ""toLineupSlotId"": 20, ""toTeamId"": 12, ""type"": ""DRAFT""}]",,,1788148305216,0,,1,EXECUTED,,12,DRAFT
transaction,2052609889,2026,1,0,EXECUTE,,5fa8c316-f6ee-4d4b-aac9-efea009effce,False,False,False,"[{""fromLineupSlotId"": -1, ""fromTeamId"": 0, ""isKeeper"": false, ""overallPickNumber"": 112, ""playerId"": 4426338, ""toLineupSlotId"": 0, ""toTeamId"": 10, ""type"": ""DRAFT""}]",,,1788148305216,0,,1,EXECUTED,,10,DRAFT
transaction,2052609889,2026,1,0,EXECUTE,,79aa41d8-81b6-4864-b88b-ad876e57e2f1,False,False,False,"[{""fromLineupSlotId"": -1, ""fromTeamId"": 0, ""isKeeper"": false, ""overallPickNumber"": 198, ""playerId"": 4685247, ""toLineupSlotId"": 20, ""toTeamId"": 5, ""type"": ""DRAFT""}]",,,1788148305216,0,,1,EXECUTED,,5,DRAFT
transaction,2052609889,2026,2,0,PROCESS,,9f5faa3e-8869-4e65-aa11-a327ca3233dc,False,False,False,"[{""fromLineupSlotId"": -1, ""fromTeamId"": 0, ""isKeeper"": false, ""overallPickNumber"": 0, ""playerId"": -16025, ""toLineupSlotId"": 20, ""toTeamId"": 4, ""type"": ""ADD""}, {""fromLineupSlotId"": 20, ""fromTeamId"": 4, ""isKeeper"": false, ""overallPickNumber"": 0, ""playerId"": 4819231, ""toLineupSlotId"": -1, ""toTeamId"": 0, ""type"": ""DROP""}]",NightlyLeagueUpdateTaskProcessor,1789543001590,1789543001392,0,2a8009e7-1dfd-4e19-a08d-9ed73225af5f,2,EXECUTED,,4,WAIVER
transaction,2052609889,2026,2,0,PROCESS,,149650e2-bc97-430c-9477-1a14050da7fe,False,False,False,"[{""fromLineupSlotId"": -1, ""fromTeamId"": 0, ""isKeeper"": false, ""overallPickNumber"": 0, ""playerId"": 3051876, ""toLineupSlotId"": 20, ""toTeamId"": 3, ""type"": ""ADD""}, {""fromLineupSlotId"": 20, ""fromTeamId"": 3, ""isKeeper"": false, ""overallPickNumber"": 0, ""playerId"": 4371733, ""toLineupSlotId"": -1, ""toTeamId"": 0, ""type"": ""DROP""}]",NightlyLeagueUpdateTaskProcessor,1789543001591,1789543001392,0,b3259b87-bc87-42c1-b5ef-120222a3cd97,2,EXECUTED,,3,WAIVER
transaction,2052609889,2026,2,0,PROCESS,,06520a32-e0df-4bdc-a6a4-a3a5232333d2,False,False,False,"[{""fromLineupSlotId"": -1, ""fromTeamId"": 0, ""isKeeper"": false, ""overallPickNumber"": 0, ""playerId"": 4371733, ""toLineupSlotId"": 20, ""toTeamId"": 2, ""type"": ""ADD""}]",NightlyLeagueUpdateTaskProcessor,1789629304654,1789629304602,0,d8cc2825-6462-4766-ad34-a9c81fe2155a,2,EXECUTED,,2,WAIVER
transaction,2052609889,2026,2,0,EXECUTE,,15357a1a-0575-44f8-be88-6a9ac481bda0,False,False,False,"[{""fromLineupSlotId"": 16, ""fromTeamId"": 0, ""isKeeper"": false, ""overallPickNumber"": 0, ""playerId"": -16027, ""toLineupSlotId"": 20, ""toTeamId"": 0, ""type"": ""LINEUP""}, {""fromLineupSlotId"": 20, ""fromTeamId"": 0, ""isKeeper"": false, ""overallPickNumber"": 0, ""playerId"": -16007, ""toLineupSlotId"": 16, ""toTeamId"": 0, ""type"": ""LINEUP""}]",{09659767-BB50-483A-8B84-CCF99DBC91EA},,1789661840150,0,,2,EXECUTED,,6,ROSTER
transaction,2052609889,2026,2,0,EXECUTE,,86077389-cb2f-4f06-b74c-f417e665b917,False,False,False,"[{""fromLineupSlotId"": 20, ""fromTeamId"": 0, ""isKeeper"": false, ""overallPickNumber"": 0, ""playerId"": 4870847, ""toLineupSlotId"": 21, ""toTeamId"": 0, ""type"": ""LINEUP""}]",{69FAE7D4-494B-4FEA-A60C-528E9439833B},,1789659289768,0,,2,EXECUTED,,10,ROSTER
transaction,2052609889,2026,2,0,EXECUTE,,16930762-0ab9-442a-b35b-a2e4b59ad65b,False,False,False,"[{""fromLineupSlotId"": 20, ""fromTeamId"": 3, ""isKeeper"": false, ""overallPickNumber"": 0, ""playerId"": 4430027, ""toLineupSlotId"": -1, ""toTeamId"": 0, ""type"": ""DROP""}]",{5E45FFBD-E125-421C-92DB-4C9F02E8C747},,1789564551495,0,,2,EXECUTED,,3,ROSTER
transaction,2052609889,2026,2,0,EXECUTE,,e8c5947b-9746-4a80-b508-51f18a95cf17,False,False,False,"[{""fromLineupSlotId"": 20, ""fromTeamId"": 0, ""isKeeper"": false, ""overallPickNumber"": 0, ""playerId"": 3046779, ""toLineupSlotId"": 0, ""toTeamId"": 0, ""type"": ""LINEUP""}, {""fromLineupSlotId"": 0, ""fromTeamId"": 0, ""isKeeper"": false, ""overallPickNumber"": 0, ""playerId"": 4038941, ""toLineupSlotId"": 20, ""toTeamId"": 0, ""type"": ""LINEUP""}]",{C3A683C4-4E18-42A2-8913-D0BF137EE61F},,1789661133055,0,,2,EXECUTED,,4,ROSTER
transaction,2052609889,2026,2,0,EXECUTE,,038a1aac-cfab-4192-9fdc-70b7e52abc6c,False,False,False,"[{""fromLineupSlotId"": 16, ""fromTeamId"": 0, ""isKeeper"": false, ""overallPickNumber"": 0, ""playerId"": -16007, ""toLineupSlotId"": 20, ""toTeamId"": 0, ""type"": ""LINEUP""}, {""fromLineupSlotId"": 20, ""fromTeamId"": 0, ""isKeeper"": false, ""overallPickNumber"": 0, ""playerId"": -16027, ""toLineupSlotId"": 16, ""toTeamId"": 0, ""type"": ""LINEUP""}]",{09659767-BB50-483A-8B84-CCF99DBC91EA},,1789661870224,0,,2,EXECUTED,,6,ROSTER
transaction,2052609889,2026,2,0,EXECUTE,,542caec1-7d4d-42c7-b371-f055656447d6,False,False,False,"[{""fromLineupSlotId"": 20, ""fromTeamId"": 0, ""isKeeper"": false, ""overallPickNumber"": 0, ""playerId"": 4428850, ""toLineupSlotId"": 23, ""toTeamId"": 0, ""type"": ""LINEUP""}, {""fromLineupSlotId"": 23, ""fromTeamId"": 0, ""isKeeper"": false, ""overallPickNumber"": 0, ""playerId"": 4688813, ""toLineupSlotId"": 20, ""toTeamId"": 0, ""type"": ""LINEUP""}]",{9D2C933F-3612-45A7-AC93-3F361265A73E},,1789481375958,0,,2,EXECUTED,,8,ROSTER
transaction,2052609889,2026,2,0,EXECUTE,,c8792e7a-855f-4351-8f6b-e77842208e3d,False,False,False,"[{""fromLineupSlotId"": 20, ""fromTeamId"": 12, ""isKeeper"": false, ""overallPickNumber"": 0, ""playerId"": 4241457, ""toLineupSlotId"": -1, ""toTeamId"": 0, ""type"": ""DROP""}]",{DCD2262B-9570-4713-8396-9C62ADEE96AB},,1789530227727,0,,2,EXECUTED,,12,ROSTER
transaction,2052609889,2026,2,0,PROCESS,,42d3e764-c6a7-4d02-9612-45ff7861723b,False,False,False,"[{""fromLineupSlotId"": 20, ""fromTeamId"": 0, ""isKeeper"": false, ""overallPickNumber"": 0, ""playerId"": 2973405, ""toLineupSlotId"": -1, ""toTeamId"": 5, ""type"": ""ADD""}, {""fromLineupSlotId"": 20, ""fromTeamId"": 5, ""isKeeper"": false, ""overallPickNumber"": 0, ""playerId"": 4382466, ""toLineupSlotId"": -1, ""toTeamId"": 0, ""type"": ""DROP""}]",NightlyLeagueUpdateTaskProcessor,1789543001591,1789543001392,0,2657f7a0-cb86-4323-97c8-5385eeddedfe,2,FAILED_INVALIDPLAYERSOURCE,,5,WAIVER
transaction,2052609889,2026,2,0,EXECUTE,,80ce6f1d-8ffd-4d93-be65-da78423e86f5,False,False,False,"[{""fromLineupSlotId"": -1, ""fromTeamId"": 0, ""isKeeper"": false, ""overallPickNumber"": 0, ""playerId"": -16029, ""toLineupSlotId"": 20, ""toTeamId"": 3, ""type"": ""ADD""}, {""fromLineupSlotId"": 20, ""fromTeamId"": 3, ""isKeeper"": false, ""overallPickNumber"": 0, ""playerId"": 4869961, ""toLineupSlotId"": -1, ""toTeamId"": 0, ""type"": ""DROP""}]",{5E45FFBD-E125-421C-92DB-4C9F02E8C747},,1789703112724,0,,2,EXECUTED,,3,FREEAGENT
transaction,2052609889,2026,2,0,EXECUTE,,dc8fd190-4943-496a-8388-21c90040172c,False,False,False,"[{""fromLineupSlotId"": -1, ""fromTeamId"": 0, ""isKeeper"": false, ""overallPickNumber"": 0, ""playerId"": 4427095, ""toLineupSlotId"": 20, ""toTeamId"": 10, ""type"": ""ADD""}]",{69FAE7D4-494B-4FEA-A60C-528E9439833B},,1789659314103,0,,2,EXECUTED,,10,FREEAGENT
transaction,2052609889,2026,2,0,PROCESS,,98fa49d1-8f2a-42fb-a4eb-3ff7e2be75ff,False,False,False,"[{""fromLineupSlotId"": -1, ""fromTeamId"": 0, ""isKeeper"": false, ""overallPickNumber"": 0, ""playerId"": 3116164, ""toLineupSlotId"": 20, ""toTeamId"": 5, ""type"": ""ADD""}, {""fromLineupSlotId"": 20, ""fromTeamId"": 5, ""isKeeper"": false, ""overallPickNumber"": 0, ""playerId"": 4869748, ""toLineupSlotId"": -1, ""toTeamId"": 0, ""type"": ""DROP""}]",NightlyLeagueUpdateTaskProcessor,1789543001591,1789543001392,0,e957e1d4-2fab-4e92-9478-d335a13e48e4,2,EXECUTED,,5,WAIVER
transaction,2052609889,2026,2,0,EXECUTE,,de8ceba0-0ab6-48f5-b430-16c54bd143ca,False,False,False,"[{""fromLineupSlotId"": 20, ""fromTeamId"": 0, ""isKeeper"": false, ""overallPickNumber"": 0, ""playerId"": 3051876, ""toLineupSlotId"": 6, ""toTeamId"": 0, ""type"": ""LINEUP""}, {""fromLineupSlotId"": 6, ""fromTeamId"": 0, ""isKeeper"": false, ""overallPickNumber"": 0, ""playerId"": 4430027, ""toLineupSlotId"": 20, ""toTeamId"": 0, ""type"": ""LINEUP""}]",{5E45FFBD-E125-421C-92DB-4C9F02E8C747},,1789564534445,0,,2,EXECUTED,,3,ROSTER
transaction,2052609889,2026,2,0,EXECUTE,,e6948d8f-43b3-45de-8138-19ce2872851b,False,False,False,"[{""fromLineupSlotId"": 20, ""fromTeamId"": 0, ""isKeeper"": false, ""overallPickNumber"": 0, ""playerId"": 4432710, ""toLineupSlotId"": 2, ""toTeamId"": 0, ""type"": ""LINEUP""}]",{420B10CF-D9C7-4268-AACF-2065D727A2F5},,1789476927775,0,,2,EXECUTED,,1,ROSTER
transaction,2052609889,2026,2,0,PROCESS,,d6ebe069-8e40-437e-8075-539561b0d086,False,False,False,"[{""fromLineupSlotId"": -1, ""fromTeamId"": 0, ""isKeeper"": false, ""overallPickNumber"": 0, ""playerId"": 4040761, ""toLineupSlotId"": 20, ""toTeamId"": 5, ""type"": ""ADD""}, {""fromLineupSlotId"": 20, ""fromTeamId"": 5, ""isKeeper"": false, ""overallPickNumber"": 0, ""playerId"": 3116406, ""toLineupSlotId"": -1, ""toTeamId"": 0, ""type"": ""DROP""}]",NightlyLeagueUpdateTaskProcessor,1789543001590,1789543001392,0,676db858-93bc-40ae-aa60-024f26853c69,2,EXECUTED,,5,WAIVER
transaction,2052609889,2026,2,0,EXECUTE,,8bc11c9f-2a16-48f0-92fc-2b4020f191f7,False,False,False,"[{""fromLineupSlotId"": 20, ""fromTeamId"": 0, ""isKeeper"": false, ""overallPickNumber"": 0, ""playerId"": 4432708, ""toLineupSlotId"": 4, ""toTeamId"": 0, ""type"": ""LINEUP""}, {""fromLineupSlotId"": 4, ""fromTeamId"": 0, ""isKeeper"": false, ""overallPickNumber"": 0, ""playerId"": 4569587, ""toLineupSlotId"": 20, ""toTeamId"": 0, ""type"": ""LINEUP""}]",{B2D96ED3-48A0-419E-8251-3F8700A0D3E9},,1789487452487,0,,2,EXECUTED,,2,ROSTER
transaction,2052609889,2026,2,0,EXECUTE,,9b9432e8-652b-4b93-a08e-8bf0ca9ab3b5,False,False,False,"[{""fromLineupSlotId"": 20, ""fromTeamId"": 0, ""isKeeper"": false, ""overallPickNumber"": 0, ""playerId"": 4361432, ""toLineupSlotId"": 23, ""toTeamId"": 0, ""type"": ""LINEUP""}]",{5E45FFBD-E125-421C-92DB-4C9F02E8C747},,1789645908033,0,,2,EXECUTED,,3,ROSTER
transaction,2052609889,2026,2,0,EXECUTE,,722c7f28-9a52-43e3-ae99-faa566377b3a,False,False,False,"[{""fromLineupSlotId"": 20, ""fromTeamId"": 0, ""isKeeper"": false, ""overallPickNumber"": 0, ""playerId"": 4373626, ""toLineupSlotId"": 23, ""toTeamId"": 0, ""type"": ""LINEUP""}]",{5E45FFBD-E125-421C-92DB-4C9F02E8C747},,1789481287948,0,,2,EXECUTED,,3,ROSTER
transaction,2052609889,2026,2,0,EXECUTE,,a1ef9d0c-e863-497d-b54d-4192c30e583c,False,False,False,"[{""fromLineupSlotId"": 23, ""fromTeamId"": 0, ""isKeeper"": false, ""overallPickNumber"": 0, ""playerId"": 4248528, ""toLineupSlotId"": 20, ""toTeamId"": 0, ""type"": ""LINEUP""}, {""fromLineupSlotId"": 2, ""fromTeamId"": 0, ""isKeeper"": false, ""overallPickNumber"": 0, ""playerId"": 4242335, ""toLineupSlotId"": 23, ""toTeamId"": 0, ""type"": ""LINEUP""}]",{DCD2262B-9570-4713-8396-9C62ADEE96AB},,1789564030089,0,,2,EXECUTED,,12,ROSTER
transaction,2052609889,2026,2,0,EXECUTE,,0d21f905-017a-4d38-b55a-7efd88788531,False,False,False,"[{""fromLineupSlotId"": 20, ""fromTeamId"": 3, ""isKeeper"": false, ""overallPickNumber"": 0, ""playerId"": 4685261, ""toLineupSlotId"": -1, ""toTeamId"": 0, ""type"": ""DROP""}]",{5E45FFBD-E125-421C-92DB-4C9F02E8C747},,1789564628706,0,,2,EXECUTED,,3,ROSTER
transaction,2052609889,2026,2,0,EXECUTE,,22faf078-b3c6-4bfa-a3fc-54b538f47181,False,False,False,"[{""fromLineupSlotId"": 23, ""fromTeamId"": 0, ""isKeeper"": false, ""overallPickNumber"": 0, ""playerId"": 4242335, ""toLineupSlotId"": 2, ""toTeamId"": 0, ""type"": ""LINEUP""}, {""fromLineupSlotId"": 2, ""fromTeamId"": 0, ""isKeeper"": false, ""overallPickNumber"": 0, ""playerId"": 4685512, ""toLineupSlotId"": 23, ""toTeamId"": 0, ""type"": ""LINEUP""}]",{DCD2262B-9570-4713-8396-9C62ADEE96AB},,1789564033252,0,,2,EXECUTED,,12,ROSTER
transaction,2052609889,2026,2,0,EXECUTE,,e18576ed-9042-4c43-82d3-71df3dc9093c,False,False,False,"[{""fromLineupSlotId"": 20, ""fromTeamId"": 0, ""isKeeper"": false, ""overallPickNumber"": 0, ""playerId"": 4429205, ""toLineupSlotId"": 23, ""toTeamId"": 0, ""type"": ""LINEUP""}, {""fromLineupSlotId"": 23, ""fromTeamId"": 0, ""isKeeper"": false, ""overallPickNumber"": 0, ""playerId"": 3916148, ""toLineupSlotId"": 20, ""toTeamId"": 0, ""type"": ""LINEUP""}]",{55AE8EA9-6209-4A42-9593-4440046DD4FB},,1789475203423,0,,2,EXECUTED,,5,ROSTER
transaction,2052609889,2026,2,0,EXECUTE,,eacb85c3-cf80-407c-ac3d-ba044e0bdbd6,False,False,False,"[{""fromLineupSlotId"": 20, ""fromTeamId"": 0, ""isKeeper"": false, ""overallPickNumber"": 0, ""playerId"": 4608686, ""toLineupSlotId"": 2, ""toTeamId"": 0, ""type"": ""LINEUP""}, {""fromLineupSlotId"": 2, ""fromTeamId"": 0, ""isKeeper"": false, ""overallPickNumber"": 0, ""playerId"": 3149687, ""toLineupSlotId"": 20, ""toTeamId"": 0, ""type"": ""LINEUP""}]",{9D2C933F-3612-45A7-AC93-3F361265A73E},,1789481356956,0,,2,EXECUTED,,8,ROSTER
transaction,2052609889,2026,0,0,EXECUTE,,0af8708c-2a1d-4870-a1ac-50ea878fb6e7,False,False,False,"[{""fromLineupSlotId"": 23, ""fromTeamId"": 0, ""isKeeper"": false, ""overallPickNumber"": 0, ""playerId"": 4035687, ""toLineupSlotId"": 20, ""toTeamId"": 0, ""type"": ""LINEUP""}, {""fromLineupSlotId"": 20, ""fromTeamId"": 0, ""isKeeper"": false, ""overallPickNumber"": 0, ""playerId"": 4597500, ""toLineupSlotId"": 23, ""toTeamId"": 0, ""type"": ""LINEUP""}]",NightlyLeagueUpdateTaskProcessor,,1790062543860,0,,0,EXECUTED,,6,ROSTER
transaction,2052609889,2026,2,0,EXECUTE,,fbb24408-e781-48b5-98af-93f282b76359,False,False,False,"[{""fromLineupSlotId"": 20, ""fromTeamId"": 0, ""isKeeper"": false, ""overallPickNumber"": 0, ""playerId"": 5081432, ""toLineupSlotId"": 23, ""toTeamId"": 0, ""type"": ""LINEUP""}, {""fromLineupSlotId"": 23, ""fromTeamId"": 0, ""isKeeper"": false, ""overallPickNumber"": 0, ""playerId"": 4241416, ""toLineupSlotId"": 20, ""toTeamId"": 0, ""type"": ""LINEUP""}]",{C3A683C4-4E18-42A2-8913-D0BF137EE61F},,1789479396274,0,,2,EXECUTED,,4,ROSTER
transaction,2052609889,2026,2,0,EXECUTE,,12956197-04b8-49f0-a882-f1df86eec353,False,False,True,"[{""fromLineupSlotId"": -1, ""fromTeamId"": 0, ""isKeeper"": false, ""overallPickNumber"": 0, ""playerId"": 4832955, ""toLineupSlotId"": -1, ""toTeamId"": 12, ""type"": ""ADD""}]",{DCD2262B-9570-4713-8396-9C62ADEE96AB},,1789530478131,0,,2,PENDING,,12,WAIVER
transaction,2052609889,2026,2,0,EXECUTE,,370e52db-45d3-4eca-8c55-a61956e61edf,False,False,True,"[{""fromLineupSlotId"": -1, ""fromTeamId"": 0, ""isKeeper"": false, ""overallPickNumber"": 0, ""playerId"": 2973405, ""toLineupSlotId"": -1, ""toTeamId"": 12, ""type"": ""ADD""}]",{DCD2262B-9570-4713-8396-9C62ADEE96AB},,1789530357904,0,,2,PENDING,,12,WAIVER
transaction,2052609889,2026,2,0,EXECUTE,,df5433b3-8eea-4eda-b510-30af6feb86b7,False,False,False,"[{""fromLineupSlotId"": 20, ""fromTeamId"": 0, ""isKeeper"": false, ""overallPickNumber"": 0, ""playerId"": 4040761, ""toLineupSlotId"": 23, ""toTeamId"": 0, ""type"": ""LINEUP""}, {""fromLineupSlotId"": 23, ""fromTeamId"": 0, ""isKeeper"": false, ""overallPickNumber"": 0, ""playerId"": 4429205, ""toLineupSlotId"": 20, ""toTeamId"": 0, ""type"": ""LINEUP""}]",{55AE8EA9-6209-4A42-9593-4440046DD4FB},,1789560765679,0,,2,EXECUTED,,5,ROSTER
transaction,2052609889,2026,2,0,CANCEL,,a3391a20-8c21-43e9-97ee-9d4a75b3e568,False,False,False,"[{""fromLineupSlotId"": -1, ""fromTeamId"": 0, ""isKeeper"": false, ""overallPickNumber"": 0, ""playerId"": 4430027, ""toLineupSlotId"": -1, ""toTeamId"": 3, ""type"": ""ADD""}, {""fromLineupSlotId"": 2, ""fromTeamId"": 3, ""isKeeper"": false, ""overallPickNumber"": 0, ""playerId"": 4696981, ""toLineupSlotId"": -1, ""toTeamId"": 0, ""type"": ""DROP""}]",{5E45FFBD-E125-421C-92DB-4C9F02E8C747},,1789939647357,0,6079cc35-bd34-4eff-af3c-4c42f99fc873,2,CANCELED,,3,WAIVER
transaction,2052609889,2026,2,0,PROCESS,,3de84d37-177c-4967-81bf-dba8430f8f75,False,False,False,"[{""fromLineupSlotId"": 20, ""fromTeamId"": 0, ""isKeeper"": false, ""overallPickNumber"": 0, ""playerId"": 2973405, ""toLineupSlotId"": -1, ""toTeamId"": 11, ""type"": ""ADD""}, {""fromLineupSlotId"": 20, ""fromTeamId"": 11, ""isKeeper"": false, ""overallPickNumber"": 0, ""playerId"": 4429013, ""toLineupSlotId"": -1, ""toTeamId"": 0, ""type"": ""DROP""}]",NightlyLeagueUpdateTaskProcessor,1789543001589,1789543001392,0,8d3a86a5-a7aa-421f-9ad1-f4161646fa23,2,FAILED_INVALIDPLAYERSOURCE,,11,WAIVER
transaction,2052609889,2026,2,0,PROCESS,,1b1b7f27-0d37-4eb0-99b6-be7df71282c4,False,False,False,"[{""fromLineupSlotId"": 20, ""fromTeamId"": 0, ""isKeeper"": false, ""overallPickNumber"": 0, ""playerId"": 4371733, ""toLineupSlotId"": -1, ""toTeamId"": 3, ""type"": ""ADD""}]",NightlyLeagueUpdateTaskProcessor,1789629304655,1789629304602,0,e6261f71-672f-4b3c-9de9-73a36a5592b5,2,FAILED_INVALIDPLAYERSOURCE,,3,WAIVER
transaction,2052609889,2026,2,0,EXECUTE,,83cb86c8-85d5-44e1-baf9-143643e32a25,False,False,False,"[{""fromLineupSlotId"": 20, ""fromTeamId"": 0, ""isKeeper"": false, ""overallPickNumber"": 0, ""playerId"": 4695883, ""toLineupSlotId"": 4, ""toTeamId"": 0, ""type"": ""LINEUP""}, {""fromLineupSlotId"": 4, ""fromTeamId"": 0, ""isKeeper"": false, ""overallPickNumber"": 0, ""playerId"": 4372016, ""toLineupSlotId"": 20, ""toTeamId"": 0, ""type"": ""LINEUP""}]",{709731F5-41A1-4946-91B1-4E66D32D2570},,1789920685865,0,,2,EXECUTED,,7,ROSTER
transaction,2052609889,2026,2,0,EXECUTE,,6d285ba2-3fa3-4040-a480-704fc061567d,False,False,False,"[{""fromLineupSlotId"": 0, ""fromTeamId"": 0, ""isKeeper"": false, ""overallPickNumber"": 0, ""playerId"": 12483, ""toLineupSlotId"": 20, ""toTeamId"": 0, ""type"": ""LINEUP""}]",{420B10CF-D9C7-4268-AACF-2065D727A2F5},,1789948570074,0,,2,EXECUTED,,1,ROSTER
transaction,2052609889,2026,2,0,EXECUTE,,2aea1701-aaef-4187-9330-aeffce7ca4f1,False,False,False,"[{""fromLineupSlotId"": 16, ""fromTeamId"": 0, ""isKeeper"": false, ""overallPickNumber"": 0, ""playerId"": -16007, ""toLineupSlotId"": 20, ""toTeamId"": 0, ""type"": ""LINEUP""}, {""fromLineupSlotId"": 20, ""fromTeamId"": 0, ""isKeeper"": false, ""overallPickNumber"": 0, ""playerId"": -16027, ""toLineupSlotId"": 16, ""toTeamId"": 0, ""type"": ""LINEUP""}]",{09659767-BB50-483A-8B84-CCF99DBC91EA},,1789661837045,0,,2,EXECUTED,,6,ROSTER
transaction,2052609889,2026,2,0,EXECUTE,,2fb9405f-69ad-45b8-9c39-9f3841e61756,False,False,False,"[{""fromLineupSlotId"": 20, ""fromTeamId"": 0, ""isKeeper"": false, ""overallPickNumber"": 0, ""playerId"": 4248528, ""toLineupSlotId"": 23, ""toTeamId"": 0, ""type"": ""LINEUP""}, {""fromLineupSlotId"": 23, ""fromTeamId"": 0, ""isKeeper"": false, ""overallPickNumber"": 0, ""playerId"": 4047650, ""toLineupSlotId"": 20, ""toTeamId"": 0, ""type"": ""LINEUP""}]",{DCD2262B-9570-4713-8396-9C62ADEE96AB},,1789530569966,0,,2,EXECUTED,,12,ROSTER
transaction,2052609889,2026,2,0,EXECUTE,,870f41bd-3e36-4377-a3db-7edb51df9d84,False,False,False,"[{""fromLineupSlotId"": 20, ""fromTeamId"": 11, ""isKeeper"": false, ""overallPickNumber"": 0, ""playerId"": 4429013, ""toLineupSlotId"": -1, ""toTeamId"": 0, ""type"": ""DROP""}]",{A8D3563F-B65D-4A80-AC47-45FCD6E9981B},,1789661802063,0,,2,EXECUTED,,11,ROSTER
transaction,2052609889,2026,2,0,EXECUTE,,5e41ec2b-4520-4c4f-8454-630a86866ae1,False,False,False,"[{""fromLineupSlotId"": 20, ""fromTeamId"": 2, ""isKeeper"": false, ""overallPickNumber"": 0, ""playerId"": 4429835, ""toLineupSlotId"": -1, ""toTeamId"": 0, ""type"": ""DROP""}]",{B2D96ED3-48A0-419E-8251-3F8700A0D3E9},,1789563717627,0,,2,EXECUTED,,2,ROSTER
transaction,2052609889,2026,2,0,EXECUTE,,5aa98d41-35a5-4c73-af98-da87ac8a4204,False,False,True,"[{""fromLineupSlotId"": -1, ""fromTeamId"": 0, ""isKeeper"": false, ""overallPickNumber"": 0, ""playerId"": -16025, ""toLineupSlotId"": -1, ""toTeamId"": 12, ""type"": ""ADD""}, {""fromLineupSlotId"": 16, ""fromTeamId"": 12, ""isKeeper"": false, ""overallPickNumber"": 0, ""playerId"": -16010, ""toLineupSlotId"": -1, ""toTeamId"": 0, ""type"": ""DROP""}]",{DCD2262B-9570-4713-8396-9C62ADEE96AB},,1789530776126,0,,2,PENDING,,12,WAIVER
transaction,2052609889,2026,2,0,PROCESS,,ac412874-be9b-4688-9eb8-94f683a4ae00,False,False,False,"[{""fromLineupSlotId"": -1, ""fromTeamId"": 0, ""isKeeper"": false, ""overallPickNumber"": 0, ""playerId"": 4430539, ""toLineupSlotId"": 20, ""toTeamId"": 3, ""type"": ""ADD""}]",NightlyLeagueUpdateTaskProcessor,1789543001589,1789543001392,0,1c9872e8-e3a4-4bcb-90ca-a412e71c145a,2,EXECUTED,,3,WAIVER
transaction,2052609889,2026,2,0,PROCESS,,1a3b18fe-63fd-4eae-b947-5bf252a16807,False,False,False,"[{""fromLineupSlotId"": 20, ""fromTeamId"": 0, ""isKeeper"": false, ""overallPickNumber"": 0, ""playerId"": 4040761, ""toLineupSlotId"": -1, ""toTeamId"": 5, ""type"": ""ADD""}, {""fromLineupSlotId"": 20, ""fromTeamId"": 5, ""isKeeper"": false, ""overallPickNumber"": 0, ""playerId"": 4685247, ""toLineupSlotId"": -1, ""toTeamId"": 0, ""type"": ""DROP""}]",NightlyLeagueUpdateTaskProcessor,1789543001591,1789543001392,0,7e7a54a4-9cbd-407e-9ba0-794ee9e56da1,2,FAILED_INVALIDPLAYERSOURCE,,5,WAIVER
transaction,2052609889,2026,2,0,EXECUTE,,6db338dc-21e4-492d-9388-ebd5d2fe2a83,False,False,False,"[{""fromLineupSlotId"": 23, ""fromTeamId"": 0, ""isKeeper"": false, ""overallPickNumber"": 0, ""playerId"": 4685512, ""toLineupSlotId"": 2, ""toTeamId"": 0, ""type"": ""LINEUP""}]",{DCD2262B-9570-4713-8396-9C62ADEE96AB},,1789564035045,0,,2,EXECUTED,,12,ROSTER
transaction,2052609889,2026,2,0,EXECUTE,,32e850b2-b358-42ec-be09-cc8aef072a5a,False,False,False,"[{""fromLineupSlotId"": -1, ""fromTeamId"": 0, ""isKeeper"": false, ""overallPickNumber"": 0, ""playerId"": 3116406, ""toLineupSlotId"": 20, ""toTeamId"": 5, ""type"": ""ADD""}, {""fromLineupSlotId"": 20, ""fromTeamId"": 5, ""isKeeper"": false, ""overallPickNumber"": 0, ""playerId"": 4382466, ""toLineupSlotId"": -1, ""toTeamId"": 0, ""type"": ""DROP""}]",{55AE8EA9-6209-4A42-9593-4440046DD4FB},,1789666114202,0,,2,EXECUTED,,5,FREEAGENT
transaction,2052609889,2026,2,0,PROCESS,,9cbf6722-df39-4ebc-a6b6-f2071a7e6800,False,False,False,"[{""fromLineupSlotId"": -1, ""fromTeamId"": 0, ""isKeeper"": false, ""overallPickNumber"": 0, ""playerId"": 4832955, ""toLineupSlotId"": 20, ""toTeamId"": 12, ""type"": ""ADD""}]",NightlyLeagueUpdateTaskProcessor,1789543001591,1789543001392,0,12956197-04b8-49f0-a882-f1df86eec353,2,EXECUTED,,12,WAIVER
transaction,2052609889,2026,2,0,PROCESS,,e6d1cda7-8767-4374-bc37-82084fae3521,False,False,False,"[{""fromLineupSlotId"": -1, ""fromTeamId"": 0, ""isKeeper"": false, ""overallPickNumber"": 0, ""playerId"": -16017, ""toLineupSlotId"": 16, ""toTeamId"": 8, ""type"": ""ADD""}, {""fromLineupSlotId"": 16, ""fromTeamId"": 8, ""isKeeper"": false, ""overallPickNumber"": 0, ""playerId"": -16005, ""toLineupSlotId"": -1, ""toTeamId"": 0, ""type"": ""DROP""}]",NightlyLeagueUpdateTaskProcessor,1789543001590,1789543001392,0,7aad6389-f749-41fe-bbb2-f0b45ec092f6,2,EXECUTED,,8,WAIVER
transaction,2052609889,2026,2,0,EXECUTE,,11beab60-6c7b-47a2-bfc5-7e7dc71d27d8,False,False,False,"[{""fromLineupSlotId"": 20, ""fromTeamId"": 0, ""isKeeper"": false, ""overallPickNumber"": 0, ""playerId"": 4569587, ""toLineupSlotId"": 4, ""toTeamId"": 0, ""type"": ""LINEUP""}, {""fromLineupSlotId"": 4, ""fromTeamId"": 0, ""isKeeper"": false, ""overallPickNumber"": 0, ""playerId"": 4432708, ""toLineupSlotId"": 20, ""toTeamId"": 0, ""type"": ""LINEUP""}]",{B2D96ED3-48A0-419E-8251-3F8700A0D3E9},,1789484988131,0,,2,EXECUTED,,2,ROSTER
transaction,2052609889,2026,2,0,EXECUTE,,5afb2ddb-4cd3-4117-b0fa-7f883aa471fa,False,False,False,"[{""fromLineupSlotId"": -1, ""fromTeamId"": 0, ""isKeeper"": false, ""overallPickNumber"": 0, ""playerId"": 4569603, ""toLineupSlotId"": 20, ""toTeamId"": 2, ""type"": ""ADD""}]",{B2D96ED3-48A0-419E-8251-3F8700A0D3E9},,1789563773314,0,,2,EXECUTED,,2,FREEAGENT
transaction,2052609889,2026,2,0,EXECUTE,,a42e198f-481e-42f3-9094-42a9d39fe651,False,False,False,"[{""fromLineupSlotId"": 0, ""fromTeamId"": 0, ""isKeeper"": false, ""overallPickNumber"": 0, ""playerId"": 3915511, ""toLineupSlotId"": 20, ""toTeamId"": 0, ""type"": ""LINEUP""}, {""fromLineupSlotId"": 20, ""fromTeamId"": 0, ""isKeeper"": false, ""overallPickNumber"": 0, ""playerId"": 4685720, ""toLineupSlotId"": 0, ""toTeamId"": 0, ""type"": ""LINEUP""}]",{5E45FFBD-E125-421C-92DB-4C9F02E8C747},,1789481252571,0,,2,EXECUTED,,3,ROSTER
transaction,2052609889,2026,2,0,EXECUTE,,0d4d22b0-3abc-43f3-ad0c-0a50791e043c,False,False,False,"[{""fromLineupSlotId"": 20, ""fromTeamId"": 12, ""isKeeper"": false, ""overallPickNumber"": 0, ""playerId"": 4032473, ""toLineupSlotId"": -1, ""toTeamId"": 0, ""type"": ""DROP""}]",{DCD2262B-9570-4713-8396-9C62ADEE96AB},,1789530262176,0,,2,EXECUTED,,12,ROSTER
transaction,2052609889,2026,2,0,EXECUTE,,6ae53137-f99a-4e40-b0d9-503a78b57e2b,False,False,False,"[{""fromLineupSlotId"": 20, ""fromTeamId"": 0, ""isKeeper"": false, ""overallPickNumber"": 0, ""playerId"": 4360569, ""toLineupSlotId"": 21, ""toTeamId"": 0, ""type"": ""LINEUP""}]",{709731F5-41A1-4946-91B1-4E66D32D2570},,1789662159669,0,,2,EXECUTED,,7,ROSTER
transaction,2052609889,2026,2,0,EXECUTE,,e57867a3-5cfc-4800-b704-bee3eecc7e4f,False,False,False,"[{""fromLineupSlotId"": 20, ""fromTeamId"": 0, ""isKeeper"": false, ""overallPickNumber"": 0, ""playerId"": 4696044, ""toLineupSlotId"": 2, ""toTeamId"": 0, ""type"": ""LINEUP""}, {""fromLineupSlotId"": 2, ""fromTeamId"": 0, ""isKeeper"": false, ""overallPickNumber"": 0, ""playerId"": 4568490, ""toLineupSlotId"": 20, ""toTeamId"": 0, ""type"": ""LINEUP""}]",{C0024D54-8CAF-4BA4-BBF6-0EB8C3D30D2F},,1789929738566,0,,2,EXECUTED,,9,ROSTER
transaction,2052609889,2026,2,0,EXECUTE,,7a18a42f-0d36-4395-adf0-2d2b955590c3,False,False,False,"[{""fromLineupSlotId"": 23, ""fromTeamId"": 0, ""isKeeper"": false, ""overallPickNumber"": 0, ""playerId"": 4361432, ""toLineupSlotId"": 20, ""toTeamId"": 0, ""type"": ""LINEUP""}, {""fromLineupSlotId"": 6, ""fromTeamId"": 0, ""isKeeper"": false, ""overallPickNumber"": 0, ""playerId"": 3051876, ""toLineupSlotId"": 23, ""toTeamId"": 0, ""type"": ""LINEUP""}]",{5E45FFBD-E125-421C-92DB-4C9F02E8C747},,1789645894091,0,,2,EXECUTED,,3,ROSTER
transaction,2052609889,2026,2,0,PROCESS,,67ec25c2-432b-4a77-a164-f3397b9e2477,False,False,False,"[{""fromLineupSlotId"": 20, ""fromTeamId"": 0, ""isKeeper"": false, ""overallPickNumber"": 0, ""playerId"": 3051876, ""toLineupSlotId"": -1, ""toTeamId"": 3, ""type"": ""ADD""}, {""fromLineupSlotId"": 20, ""fromTeamId"": 3, ""isKeeper"": false, ""overallPickNumber"": 0, ""playerId"": 4685261, ""toLineupSlotId"": -1, ""toTeamId"": 0, ""type"": ""DROP""}]",NightlyLeagueUpdateTaskProcessor,1789543001592,1789543001392,0,c579813c-e433-4e6e-ad32-2c4b259b770b,2,FAILED_INVALIDPLAYERSOURCE,,3,WAIVER
transaction,2052609889,2026,2,0,EXECUTE,,54065906-8c34-4363-883b-9be273aa487e,False,False,False,"[{""fromLineupSlotId"": 20, ""fromTeamId"": 0, ""isKeeper"": false, ""overallPickNumber"": 0, ""playerId"": 4688813, ""toLineupSlotId"": 23, ""toTeamId"": 0, ""type"": ""LINEUP""}, {""fromLineupSlotId"": 23, ""fromTeamId"": 0, ""isKeeper"": false, ""overallPickNumber"": 0, ""playerId"": 4608686, ""toLineupSlotId"": 20, ""toTeamId"": 0, ""type"": ""LINEUP""}]",{9D2C933F-3612-45A7-AC93-3F361265A73E},,1789481351185,0,,2,EXECUTED,,8,ROSTER
transaction,2052609889,2026,2,0,EXECUTE,,e50d9bec-c45e-4782-8650-67595b4fce3b,False,False,False,"[{""fromLineupSlotId"": 20, ""fromTeamId"": 0, ""isKeeper"": false, ""overallPickNumber"": 0, ""playerId"": 4432665, ""toLineupSlotId"": 6, ""toTeamId"": 0, ""type"": ""LINEUP""}, {""fromLineupSlotId"": 6, ""fromTeamId"": 0, ""isKeeper"": false, ""overallPickNumber"": 0, ""playerId"": 4361411, ""toLineupSlotId"": 20, ""toTeamId"": 0, ""type"": ""LINEUP""}]",{9D2C933F-3612-45A7-AC93-3F361265A73E},,1789481449117,0,,2,EXECUTED,,8,ROSTER
transaction,2052609889,2026,2,0,EXECUTE,,145ee931-57c0-4cdb-bea2-2c801f09e76f,False,False,False,"[{""fromLineupSlotId"": -1, ""fromTeamId"": 0, ""isKeeper"": false, ""overallPickNumber"": 0, ""playerId"": -16003, ""toLineupSlotId"": 16, ""toTeamId"": 12, ""type"": ""ADD""}, {""fromLineupSlotId"": 16, ""fromTeamId"": 12, ""isKeeper"": false, ""overallPickNumber"": 0, ""playerId"": -16010, ""toLineupSlotId"": -1, ""toTeamId"": 0, ""type"": ""DROP""}]",{DCD2262B-9570-4713-8396-9C62ADEE96AB},,1789563827580,0,,2,EXECUTED,,12,FREEAGENT
transaction,2052609889,2026,2,0,EXECUTE,,baf2f156-7040-4355-a7d8-5672774a228c,False,False,False,"[{""fromLineupSlotId"": 20, ""fromTeamId"": 0, ""isKeeper"": false, ""overallPickNumber"": 0, ""playerId"": 4361432, ""toLineupSlotId"": 23, ""toTeamId"": 0, ""type"": ""LINEUP""}, {""fromLineupSlotId"": 23, ""fromTeamId"": 0, ""isKeeper"": false, ""overallPickNumber"": 0, ""playerId"": 4373626, ""toLineupSlotId"": 20, ""toTeamId"": 0, ""type"": ""LINEUP""}]",{5E45FFBD-E125-421C-92DB-4C9F02E8C747},,1789645885580,0,,2,EXECUTED,,3,ROSTER
transaction,2052609889,2026,2,0,EXECUTE,,c96e53fa-1864-437e-aac8-43a94a85c931,False,False,False,"[{""fromLineupSlotId"": 20, ""fromTeamId"": 0, ""isKeeper"": false, ""overallPickNumber"": 0, ""playerId"": 4361411, ""toLineupSlotId"": 6, ""toTeamId"": 0, ""type"": ""LINEUP""}, {""fromLineupSlotId"": 6, ""fromTeamId"": 0, ""isKeeper"": false, ""overallPickNumber"": 0, ""playerId"": 4432665, ""toLineupSlotId"": 20, ""toTeamId"": 0, ""type"": ""LINEUP""}]",{9D2C933F-3612-45A7-AC93-3F361265A73E},,1789691773211,0,,2,EXECUTED,,8,ROSTER
transaction,2052609889,2026,2,0,EXECUTE,,fdf38c0b-31c3-4de5-bb29-430b9774e920,False,False,False,"[{""fromLineupSlotId"": -1, ""fromTeamId"": 0, ""isKeeper"": false, ""overallPickNumber"": 0, ""playerId"": 4032473, ""toLineupSlotId"": 20, ""toTeamId"": 3, ""type"": ""ADD""}]",{5E45FFBD-E125-421C-92DB-4C9F02E8C747},,1789645813576,0,,2,EXECUTED,,3,FREEAGENT
transaction,2052609889,2026,2,0,EXECUTE,,0e421adc-1c1d-4dfe-a015-fe768956589b,False,False,False,"[{""fromLineupSlotId"": 20, ""fromTeamId"": 0, ""isKeeper"": false, ""overallPickNumber"": 0, ""playerId"": 16737, ""toLineupSlotId"": 23, ""toTeamId"": 0, ""type"": ""LINEUP""}, {""fromLineupSlotId"": 23, ""fromTeamId"": 0, ""isKeeper"": false, ""overallPickNumber"": 0, ""playerId"": 4431459, ""toLineupSlotId"": 20, ""toTeamId"": 0, ""type"": ""LINEUP""}]",{420B10CF-D9C7-4268-AACF-2065D727A2F5},,1789476942738,0,,2,EXECUTED,,1,ROSTER
transaction,2052609889,2026,2,0,EXECUTE,,4d157ae6-3a19-4fcd-922a-1b9e5b914646,False,False,False,"[{""fromLineupSlotId"": 20, ""fromTeamId"": 0, ""isKeeper"": false, ""overallPickNumber"": 0, ""playerId"": 4688813, ""toLineupSlotId"": 4, ""toTeamId"": 0, ""type"": ""LINEUP""}, {""fromLineupSlotId"": 4, ""fromTeamId"": 0, ""isKeeper"": false, ""overallPickNumber"": 0, ""playerId"": 4429615, ""toLineupSlotId"": 20, ""toTeamId"": 0, ""type"": ""LINEUP""}]",{9D2C933F-3612-45A7-AC93-3F361265A73E},,1789889560753,0,,2,EXECUTED,,8,ROSTER
transaction,2052609889,2026,2,0,PROCESS,,2e6de876-bff0-4d1b-94b6-04e6ee679f32,False,False,False,"[{""fromLineupSlotId"": -1, ""fromTeamId"": 0, ""isKeeper"": false, ""overallPickNumber"": 0, ""playerId"": 2991662, ""toLineupSlotId"": 20, ""toTeamId"": 1, ""type"": ""ADD""}]",NightlyLeagueUpdateTaskProcessor,1789543001590,1789543001392,0,8929a494-e155-415c-9d64-f3de742983b7,2,EXECUTED,,1,WAIVER
transaction,2052609889,2026,2,0,EXECUTE,,6f6f4f77-1717-47b8-a7f4-c58d8ddfd6fe,False,False,False,"[{""fromLineupSlotId"": 23, ""fromTeamId"": 0, ""isKeeper"": false, ""overallPickNumber"": 0, ""playerId"": 4040761, ""toLineupSlotId"": 20, ""toTeamId"": 0, ""type"": ""LINEUP""}, {""fromLineupSlotId"": 20, ""fromTeamId"": 0, ""isKeeper"": false, ""overallPickNumber"": 0, ""playerId"": 3916148, ""toLineupSlotId"": 23, ""toTeamId"": 0, ""type"": ""LINEUP""}]",{55AE8EA9-6209-4A42-9593-4440046DD4FB},,1789665974939,0,,2,EXECUTED,,5,ROSTER
transaction,2052609889,2026,2,0,EXECUTE,,00722160-349c-425b-9e12-421687858905,False,False,False,"[{""fromLineupSlotId"": 20, ""fromTeamId"": 0, ""isKeeper"": false, ""overallPickNumber"": 0, ""playerId"": 12483, ""toLineupSlotId"": 0, ""toTeamId"": 0, ""type"": ""LINEUP""}]",{420B10CF-D9C7-4268-AACF-2065D727A2F5},,1789951968627,0,,2,EXECUTED,,1,ROSTER
transaction,2052609889,2026,2,0,EXECUTE,,4937cb5b-68aa-4e0f-aa26-a68889c530fa,False,False,False,"[{""fromLineupSlotId"": 20, ""fromTeamId"": 0, ""isKeeper"": false, ""overallPickNumber"": 0, ""playerId"": 4241416, ""toLineupSlotId"": 2, ""toTeamId"": 0, ""type"": ""LINEUP""}, {""fromLineupSlotId"": 2, ""fromTeamId"": 0, ""isKeeper"": false, ""overallPickNumber"": 0, ""playerId"": 4569987, ""toLineupSlotId"": 20, ""toTeamId"": 0, ""type"": ""LINEUP""}]",{C3A683C4-4E18-42A2-8913-D0BF137EE61F},,1789479402022,0,,2,EXECUTED,,4,ROSTER
transaction,2052609889,2026,2,0,PROCESS,,0717037e-d8b7-4c22-9ee8-84038863d788,False,False,False,"[{""fromLineupSlotId"": 20, ""fromTeamId"": 0, ""isKeeper"": false, ""overallPickNumber"": 0, ""playerId"": 3051876, ""toLineupSlotId"": -1, ""toTeamId"": 3, ""type"": ""ADD""}]",NightlyLeagueUpdateTaskProcessor,1789543001592,1789543001392,0,5b78653e-0588-4e6d-9462-73e147f91c42,2,FAILED_INVALIDPLAYERSOURCE,,3,WAIVER
transaction,2052609889,2026,2,0,EXECUTE,,3aae6e48-35d4-4452-962a-ba8e12d3567b,False,False,False,"[{""fromLineupSlotId"": 20, ""fromTeamId"": 3, ""isKeeper"": false, ""overallPickNumber"": 0, ""playerId"": 4243331, ""toLineupSlotId"": -1, ""toTeamId"": 0, ""type"": ""DROP""}]",{5E45FFBD-E125-421C-92DB-4C9F02E8C747},,1789661445836,0,,2,EXECUTED,,3,ROSTER
transaction,2052609889,2026,3,0,EXECUTE,,1d2a8863-64fc-4168-affa-6aaff7386d2c,False,False,False,"[{""fromLineupSlotId"": 20, ""fromTeamId"": 0, ""isKeeper"": false, ""overallPickNumber"": 0, ""playerId"": 4597500, ""toLineupSlotId"": 23, ""toTeamId"": 0, ""type"": ""LINEUP""}, {""fromLineupSlotId"": 23, ""fromTeamId"": 0, ""isKeeper"": false, ""overallPickNumber"": 0, ""playerId"": 4035687, ""toLineupSlotId"": 20, ""toTeamId"": 0, ""type"": ""LINEUP""}]",{09659767-BB50-483A-8B84-CCF99DBC91EA},,1789962937289,0,,3,EXECUTED,,6,FUTURE_ROSTER
transaction,2052609889,2026,2,0,EXECUTE,,8cf2354e-6ec4-4b03-bee6-b0c6d1e56aee,False,False,False,"[{""fromLineupSlotId"": 20, ""fromTeamId"": 2, ""isKeeper"": false, ""overallPickNumber"": 0, ""playerId"": 4685415, ""toLineupSlotId"": -1, ""toTeamId"": 0, ""type"": ""DROP""}]",{B2D96ED3-48A0-419E-8251-3F8700A0D3E9},,1789563714012,0,,2,EXECUTED,,2,ROSTER
transaction,2052609889,2026,2,0,EXECUTE,,42b6155b-7686-43aa-8bfc-fd54de61874d,False,False,False,"[{""fromLineupSlotId"": 23, ""fromTeamId"": 0, ""isKeeper"": false, ""overallPickNumber"": 0, ""playerId"": 3051876, ""toLineupSlotId"": 6, ""toTeamId"": 0, ""type"": ""LINEUP""}]",{5E45FFBD-E125-421C-92DB-4C9F02E8C747},,1789645900622,0,,2,EXECUTED,,3,ROSTER
transaction,2052609889,2026,2,0,PROCESS,,9ef9ac6c-a4b1-4165-850d-e12be28abb6a,False,False,False,"[{""fromLineupSlotId"": -1, ""fromTeamId"": 0, ""isKeeper"": false, ""overallPickNumber"": 0, ""playerId"": 2973405, ""toLineupSlotId"": 20, ""toTeamId"": 12, ""type"": ""ADD""}]",NightlyLeagueUpdateTaskProcessor,1789543001589,1789543001392,0,370e52db-45d3-4eca-8c55-a61956e61edf,2,EXECUTED,,12,WAIVER
transaction,2052609889,2026,2,0,EXECUTE,,dd611d5c-d4c2-4127-81d6-e5fe2ed9ab6c,False,False,False,"[{""fromLineupSlotId"": -1, ""fromTeamId"": 0, ""isKeeper"": false, ""overallPickNumber"": 0, ""playerId"": 4241474, ""toLineupSlotId"": 20, ""toTeamId"": 3, ""type"": ""ADD""}]",{5E45FFBD-E125-421C-92DB-4C9F02E8C747},,1789666538600,0,,2,EXECUTED,,3,FREEAGENT
transaction,2052609889,2026,2,0,PROCESS,,8f42e33b-7d53-43a8-ab68-8125626af15d,False,False,False,"[{""fromLineupSlotId"": -1, ""fromTeamId"": 0, ""isKeeper"": false, ""overallPickNumber"": 0, ""playerId"": 4429835, ""toLineupSlotId"": 20, ""toTeamId"": 7, ""type"": ""ADD""}]",NightlyLeagueUpdateTaskProcessor,1789716869347,1789716869215,0,ac38b9b2-62d6-482d-b8fd-4d63ac79427c,2,EXECUTED,,7,WAIVER
transaction,2052609889,2026,2,0,EXECUTE,,9489a183-9054-467a-a7b3-eb7aaa10d79b,False,False,False,"[{""fromLineupSlotId"": 23, ""fromTeamId"": 0, ""isKeeper"": false, ""overallPickNumber"": 0, ""playerId"": 4701936, ""toLineupSlotId"": 4, ""toTeamId"": 0, ""type"": ""LINEUP""}]",{5E45FFBD-E125-421C-92DB-4C9F02E8C747},,1789481259735,0,,2,EXECUTED,,3,ROSTER
transaction,2052609889,2026,2,0,EXECUTE,,b4407fed-2e74-43fe-8054-3e1967e57bf4,False,False,False,"[{""fromLineupSlotId"": 4, ""fromTeamId"": 0, ""isKeeper"": false, ""overallPickNumber"": 0, ""playerId"": 4047646, ""toLineupSlotId"": 21, ""toTeamId"": 0, ""type"": ""LINEUP""}]",{5E45FFBD-E125-421C-92DB-4C9F02E8C747},,1789481241508,0,,2,EXECUTED,,3,ROSTER
transaction,2052609889,2026,2,0,PROCESS,,c2f723d6-63ab-49ea-8365-636ccae9a262,False,False,False,"[{""fromLineupSlotId"": 20, ""fromTeamId"": 0, ""isKeeper"": false, ""overallPickNumber"": 0, ""playerId"": -16025, ""toLineupSlotId"": -1, ""toTeamId"": 12, ""type"": ""ADD""}, {""fromLineupSlotId"": 16, ""fromTeamId"": 12, ""isKeeper"": false, ""overallPickNumber"": 0, ""playerId"": -16010, ""toLineupSlotId"": -1, ""toTeamId"": 0, ""type"": ""DROP""}]",NightlyLeagueUpdateTaskProcessor,1789543001592,1789543001392,0,5aa98d41-35a5-4c73-af98-da87ac8a4204,2,FAILED_INVALIDPLAYERSOURCE,,12,WAIVER
transaction,2052609889,2026,2,0,EXECUTE,,ec4e1d82-2b03-4f0b-9e82-29b71d77de64,False,False,False,"[{""fromLineupSlotId"": 20, ""fromTeamId"": 0, ""isKeeper"": false, ""overallPickNumber"": 0, ""playerId"": -16025, ""toLineupSlotId"": 16, ""toTeamId"": 0, ""type"": ""LINEUP""}, {""fromLineupSlotId"": 16, ""fromTeamId"": 0, ""isKeeper"": false, ""overallPickNumber"": 0, ""playerId"": -16014, ""toLineupSlotId"": 20, ""toTeamId"": 0, ""type"": ""LINEUP""}]",{C3A683C4-4E18-42A2-8913-D0BF137EE61F},,1789658180656,0,,2,EXECUTED,,4,ROSTER
transaction,2052609889,2026,2,0,EXECUTE,,a3ff1352-cd57-40d2-bbee-5c7631772ca5,False,False,False,"[{""fromLineupSlotId"": 20, ""fromTeamId"": 0, ""isKeeper"": false, ""overallPickNumber"": 0, ""playerId"": 4248528, ""toLineupSlotId"": 23, ""toTeamId"": 0, ""type"": ""LINEUP""}]",{DCD2262B-9570-4713-8396-9C62ADEE96AB},,1789564040784,0,,2,EXECUTED,,12,ROSTER
transaction,2052609889,2026,2,0,PROCESS,,8338e059-eaa3-4a64-9f11-696fe6c47e6c,False,False,False,"[{""fromLineupSlotId"": -1, ""fromTeamId"": 0, ""isKeeper"": false, ""overallPickNumber"": 0, ""playerId"": 4429835, ""toLineupSlotId"": -1, ""toTeamId"": 3, ""type"": ""ADD""}]",NightlyLeagueUpdateTaskProcessor,1789716869344,1789716869215,0,2e14c66d-008d-4435-848d-b3795c5663a1,2,FAILED_ROSTERLIMIT,,3,WAIVER
transaction,2052609889,2026,2,0,EXECUTE,,2660c102-0473-49c8-abd0-b5cb99fc064d,False,False,False,"[{""fromLineupSlotId"": -1, ""fromTeamId"": 0, ""isKeeper"": false, ""overallPickNumber"": 0, ""playerId"": 4243331, ""toLineupSlotId"": 20, ""toTeamId"": 3, ""type"": ""ADD""}]",{5E45FFBD-E125-421C-92DB-4C9F02E8C747},,1789661353994,0,,2,EXECUTED,,3,FREEAGENT
transaction,2052609889,2026,3,0,EXECUTE,,44b26845-01c2-4f52-bfbd-ee0e1c7fec58,False,False,False,"[{""fromLineupSlotId"": 20, ""fromTeamId"": 0, ""isKeeper"": false, ""overallPickNumber"": 0, ""playerId"": 4427366, ""toLineupSlotId"": 2, ""toTeamId"": 0, ""type"": ""LINEUP""}, {""fromLineupSlotId"": 2, ""fromTeamId"": 0, ""isKeeper"": false, ""overallPickNumber"": 0, ""playerId"": 4567048, ""toLineupSlotId"": 20, ""toTeamId"": 0, ""type"": ""LINEUP""}]",{33A2097B-D3FE-409F-BF97-CEE89031DBC9},,1790186466523,0,,3,EXECUTED,,14,ROSTER
transaction,2052609889,2026,3,0,EXECUTE,,99aa2acb-7584-44bb-b163-e61eaf4f80ff,False,False,False,"[{""fromLineupSlotId"": 20, ""fromTeamId"": 0, ""isKeeper"": false, ""overallPickNumber"": 0, ""playerId"": 4430834, ""toLineupSlotId"": 4, ""toTeamId"": 0, ""type"": ""LINEUP""}, {""fromLineupSlotId"": 4, ""fromTeamId"": 0, ""isKeeper"": false, ""overallPickNumber"": 0, ""playerId"": 4426515, ""toLineupSlotId"": 20, ""toTeamId"": 0, ""type"": ""LINEUP""}]",{9D2C933F-3612-45A7-AC93-3F361265A73E},,1790538799147,0,,3,EXECUTED,,8,ROSTER
transaction,2052609889,2026,3,0,EXECUTE,,d43124fc-da41-4f75-b583-94d571fe02c9,False,False,False,"[{""fromLineupSlotId"": 20, ""fromTeamId"": 0, ""isKeeper"": false, ""overallPickNumber"": 0, ""playerId"": 3122840, ""toLineupSlotId"": 0, ""toTeamId"": 0, ""type"": ""LINEUP""}, {""fromLineupSlotId"": 0, ""fromTeamId"": 0, ""isKeeper"": false, ""overallPickNumber"": 0, ""playerId"": 3917315, ""toLineupSlotId"": 20, ""toTeamId"": 0, ""type"": ""LINEUP""}]",{9D2C933F-3612-45A7-AC93-3F361265A73E},,1790301322954,0,,3,EXECUTED,,8,ROSTER
transaction,2052609889,2026,3,0,EXECUTE,,016e7dea-b711-48b4-bc8d-ab0f0ea1b1b0,False,False,False,"[{""fromLineupSlotId"": 0, ""fromTeamId"": 0, ""isKeeper"": false, ""overallPickNumber"": 0, ""playerId"": 4426348, ""toLineupSlotId"": 20, ""toTeamId"": 0, ""type"": ""LINEUP""}]",{DCD2262B-9570-4713-8396-9C62ADEE96AB},,1790084829686,0,,3,EXECUTED,,12,ROSTER
transaction,2052609889,2026,3,0,CANCEL,,f12e9188-e916-4982-9ac4-9721e2ffe9be,False,False,False,"[{""fromLineupSlotId"": 20, ""fromTeamId"": 5, ""isKeeper"": false, ""overallPickNumber"": 0, ""playerId"": 4595348, ""toLineupSlotId"": -1, ""toTeamId"": 10, ""type"": ""TRADE""}, {""fromLineupSlotId"": 4, ""fromTeamId"": 5, ""isKeeper"": false, ""overallPickNumber"": 0, ""playerId"": 4429205, ""toLineupSlotId"": -1, ""toTeamId"": 10, ""type"": ""TRADE""}, {""fromLineupSlotId"": 23, ""fromTeamId"": 5, ""isKeeper"": false, ""overallPickNumber"": 0, ""playerId"": 3916148, ""toLineupSlotId"": -1, ""toTeamId"": 10, ""type"": ""TRADE""}, {""fromLineupSlotId"": 4, ""fromTeamId"": 10, ""isKeeper"": false, ""overallPickNumber"": 0, ""playerId"": 4361370, ""toLineupSlotId"": -1, ""toTeamId"": 5, ""type"": ""TRADE""}]",{55AE8EA9-6209-4A42-9593-4440046DD4FB},,1790180083529,0,2dd2d1bb-f761-4a8d-a8a2-b2f19c845415,3,CANCELED,,5,TRADE_PROPOSAL
transaction,2052609889,2026,3,0,PROCESS,,85be3fbb-cfbc-4b32-bcd0-beb54f66620c,False,False,False,"[{""fromLineupSlotId"": -1, ""fromTeamId"": 0, ""isKeeper"": false, ""overallPickNumber"": 0, ""playerId"": 4887558, ""toLineupSlotId"": 20, ""toTeamId"": 14, ""type"": ""ADD""}, {""fromLineupSlotId"": 20, ""fromTeamId"": 14, ""isKeeper"": false, ""overallPickNumber"": 0, ""playerId"": 4686658, ""toLineupSlotId"": -1, ""toTeamId"": 0, ""type"": ""DROP""}]",NightlyLeagueUpdateTaskProcessor,1790148780192,1790148780163,0,b4048868-d0c8-4fa1-8f3f-7a2e6c6c31dc,3,EXECUTED,,14,WAIVER
transaction,2052609889,2026,3,0,EXECUTE,,7991d529-c301-4691-8b05-8a5842f829ea,False,False,False,"[{""fromLineupSlotId"": -1, ""fromTeamId"": 0, ""isKeeper"": false, ""overallPickNumber"": 0, ""playerId"": -16019, ""toLineupSlotId"": 16, ""toTeamId"": 12, ""type"": ""ADD""}, {""fromLineupSlotId"": 16, ""fromTeamId"": 12, ""isKeeper"": false, ""overallPickNumber"": 0, ""playerId"": -16003, ""toLineupSlotId"": -1, ""toTeamId"": 0, ""type"": ""DROP""}]",{DCD2262B-9570-4713-8396-9C62ADEE96AB},,1790293655557,0,,3,EXECUTED,,12,FREEAGENT
transaction,2052609889,2026,3,0,PROCESS,,9d5dc95d-534c-42c8-be04-d98e19b8c458,False,False,False,"[{""fromLineupSlotId"": 20, ""fromTeamId"": 0, ""isKeeper"": false, ""overallPickNumber"": 0, ""playerId"": 4430027, ""toLineupSlotId"": -1, ""toTeamId"": 14, ""type"": ""ADD""}, {""fromLineupSlotId"": 20, ""fromTeamId"": 14, ""isKeeper"": false, ""overallPickNumber"": 0, ""playerId"": 4242512, ""toLineupSlotId"": -1, ""toTeamId"": 0, ""type"": ""DROP""}]",NightlyLeagueUpdateTaskProcessor,1790148780192,1790148780163,0,a53b96cd-0ba6-41ba-8db0-602f657e9049,3,FAILED_INVALIDPLAYERSOURCE,,14,WAIVER
transaction,2052609889,2026,3,0,PROCESS,,8c3906a4-268e-4c40-8234-ec11b8c96e29,False,False,False,"[{""fromLineupSlotId"": 20, ""fromTeamId"": 0, ""isKeeper"": false, ""overallPickNumber"": 0, ""playerId"": 4430027, ""toLineupSlotId"": -1, ""toTeamId"": 6, ""type"": ""ADD""}, {""fromLineupSlotId"": 20, ""fromTeamId"": 6, ""isKeeper"": false, ""overallPickNumber"": 0, ""playerId"": 3929645, ""toLineupSlotId"": -1, ""toTeamId"": 0, ""type"": ""DROP""}]",NightlyLeagueUpdateTaskProcessor,1790148780191,1790148780163,0,e6e7e71f-4ef2-41ee-83b8-87dcd4f25a33,3,FAILED_INVALIDPLAYERSOURCE,,6,WAIVER
transaction,2052609889,2026,3,0,EXECUTE,,e7301dd3-a62d-4661-926d-3e8c5a6314f4,False,False,False,,{55AE8EA9-6209-4A42-9593-4440046DD4FB},,1790107494517,0,fefd42b3-37fa-4abd-85a1-1eed71cc4a00,3,EXECUTED,,5,TRADE_DECLINE
transaction,2052609889,2026,3,0,CANCEL,,0e587def-9c03-46e2-8dfc-63360825c10c,False,False,False,"[{""fromLineupSlotId"": 6, ""fromTeamId"": 1, ""isKeeper"": false, ""overallPickNumber"": 0, ""playerId"": 4361307, ""toLineupSlotId"": -1, ""toTeamId"": 14, ""type"": ""TRADE""}, {""fromLineupSlotId"": 4, ""fromTeamId"": 1, ""isKeeper"": false, ""overallPickNumber"": 0, ""playerId"": 4685472, ""toLineupSlotId"": -1, ""toTeamId"": 14, ""type"": ""TRADE""}, {""fromLineupSlotId"": 4, ""fromTeamId"": 14, ""isKeeper"": false, ""overallPickNumber"": 0, ""playerId"": 4362628, ""toLineupSlotId"": -1, ""toTeamId"": 1, ""type"": ""TRADE""}]",{420B10CF-D9C7-4268-AACF-2065D727A2F5},,1790168572677,0,ba5afb4b-fb39-488a-b618-6c9f0ce9011e,3,CANCELED,,1,TRADE_PROPOSAL
transaction,2052609889,2026,3,0,CANCEL,,dd0e9b47-d0d9-47c6-84e6-3dfcb1c6d12f,False,False,False,"[{""fromLineupSlotId"": 6, ""fromTeamId"": 1, ""isKeeper"": false, ""overallPickNumber"": 0, ""playerId"": 4431459, ""toLineupSlotId"": -1, ""toTeamId"": 11, ""type"": ""TRADE""}, {""fromLineupSlotId"": 2, ""fromTeamId"": 11, ""isKeeper"": false, ""overallPickNumber"": 0, ""playerId"": 4890973, ""toLineupSlotId"": -1, ""toTeamId"": 1, ""type"": ""TRADE""}]",{420B10CF-D9C7-4268-AACF-2065D727A2F5},,1790274899325,0,21698e32-200a-4740-a686-26f6039ad258,3,CANCELED,,1,TRADE_PROPOSAL
transaction,2052609889,2026,3,0,CANCEL,,de42bc22-ed28-4f84-8393-a370992740ac,False,False,False,"[{""fromLineupSlotId"": -1, ""fromTeamId"": 0, ""isKeeper"": false, ""overallPickNumber"": 0, ""playerId"": -16016, ""toLineupSlotId"": -1, ""toTeamId"": 14, ""type"": ""ADD""}]",{33A2097B-D3FE-409F-BF97-CEE89031DBC9},,1790108657481,0,f3570a20-4e91-4f97-8492-1f1d6e052a50,3,CANCELED,,14,WAIVER
transaction,2052609889,2026,3,0,EXECUTE,,484ca3b7-ea7d-4d5a-a1fc-cbce4f8b5829,False,False,False,,{55AE8EA9-6209-4A42-9593-4440046DD4FB},,1790101382453,0,d488e268-31c7-4290-8f9b-d2cb6300169d,3,EXECUTED,,5,TRADE_DECLINE
transaction,2052609889,2026,3,0,EXECUTE,,29b57cfb-ada7-4f44-b8e0-2a96cad3e38f,False,False,False,"[{""fromLineupSlotId"": 20, ""fromTeamId"": 0, ""isKeeper"": false, ""overallPickNumber"": 0, ""playerId"": -16004, ""toLineupSlotId"": 16, ""toTeamId"": 0, ""type"": ""LINEUP""}, {""fromLineupSlotId"": 16, ""fromTeamId"": 0, ""isKeeper"": false, ""overallPickNumber"": 0, ""playerId"": -16030, ""toLineupSlotId"": 20, ""toTeamId"": 0, ""type"": ""LINEUP""}]",{33A2097B-D3FE-409F-BF97-CEE89031DBC9},,1790176711208,0,,3,EXECUTED,,14,ROSTER
transaction,2052609889,2026,3,0,CANCEL,,24d5114b-4163-4d0c-82ba-a8b0de28eb18,False,False,False,"[{""fromLineupSlotId"": 4, ""fromTeamId"": 5, ""isKeeper"": false, ""overallPickNumber"": 0, ""playerId"": 4429205, ""toLineupSlotId"": -1, ""toTeamId"": 10, ""type"": ""TRADE""}, {""fromLineupSlotId"": 20, ""fromTeamId"": 5, ""isKeeper"": false, ""overallPickNumber"": 0, ""playerId"": 4595348, ""toLineupSlotId"": -1, ""toTeamId"": 10, ""type"": ""TRADE""}, {""fromLineupSlotId"": 2, ""fromTeamId"": 5, ""isKeeper"": false, ""overallPickNumber"": 0, ""playerId"": 4567048, ""toLineupSlotId"": -1, ""toTeamId"": 10, ""type"": ""TRADE""}, {""fromLineupSlotId"": 2, ""fromTeamId"": 10, ""isKeeper"": false, ""overallPickNumber"": 0, ""playerId"": 4429795, ""toLineupSlotId"": -1, ""toTeamId"": 5, ""type"": ""TRADE""}, {""fromLineupSlotId"": 4, ""fromTeamId"": 10, ""isKeeper"": false, ""overallPickNumber"": 0, ""playerId"": 4361370, ""toLineupSlotId"": -1, ""toTeamId"": 5, ""type"": ""TRADE""}]",{55AE8EA9-6209-4A42-9593-4440046DD4FB},,1790180066638,0,687ac3bd-3534-4da8-b486-e73b3d4fc654,3,CANCELED,,5,TRADE_PROPOSAL
transaction,2052609889,2026,3,0,EXECUTE,1790349485804,81d352ca-96c0-4914-8300-49694b19a562,False,False,True,"[{""fromLineupSlotId"": 20, ""fromTeamId"": 12, ""isKeeper"": false, ""overallPickNumber"": 0, ""playerId"": 4723086, ""toLineupSlotId"": -1, ""toTeamId"": 14, ""type"": ""TRADE""}, {""fromLineupSlotId"": 20, ""fromTeamId"": 14, ""isKeeper"": false, ""overallPickNumber"": 0, ""playerId"": 4429025, ""toLineupSlotId"": -1, ""toTeamId"": 12, ""type"": ""TRADE""}]",{33A2097B-D3FE-409F-BF97-CEE89031DBC9},,1790176685779,0,,3,PENDING,"{""14"": ""ACCEPTED""}",14,TRADE_PROPOSAL
transaction,2052609889,2026,3,0,EXECUTE,,30837b45-b061-4385-906a-0c4e97e2e738,False,False,False,"[{""fromLineupSlotId"": 4, ""fromTeamId"": 0, ""isKeeper"": false, ""overallPickNumber"": 0, ""playerId"": 3128429, ""toLineupSlotId"": 20, ""toTeamId"": 0, ""type"": ""LINEUP""}, {""fromLineupSlotId"": 20, ""fromTeamId"": 0, ""isKeeper"": false, ""overallPickNumber"": 0, ""playerId"": 4832800, ""toLineupSlotId"": 4, ""toTeamId"": 0, ""type"": ""LINEUP""}]",{DCD2262B-9570-4713-8396-9C62ADEE96AB},,1790084844808,0,,3,EXECUTED,,12,ROSTER
transaction,2052609889,2026,3,0,EXECUTE,,935c76a3-0df1-4f5d-8fc0-5f8ffa819649,False,False,False,,{33A2097B-D3FE-409F-BF97-CEE89031DBC9},,1790107788667,0,f5755368-257d-4ff3-9b1e-70a2d3bb5e8c,3,EXECUTED,,14,TRADE_DECLINE
transaction,2052609889,2026,4,0,EXECUTE,,02cf149a-0776-4a68-8aa2-e3e1e4c2d63b,False,False,False,"[{""fromLineupSlotId"": 20, ""fromTeamId"": 0, ""isKeeper"": false, ""overallPickNumber"": 0, ""playerId"": 4360689, ""toLineupSlotId"": 0, ""toTeamId"": 0, ""type"": ""LINEUP""}, {""fromLineupSlotId"": 0, ""fromTeamId"": 0, ""isKeeper"": false, ""overallPickNumber"": 0, ""playerId"": 4431452, ""toLineupSlotId"": 20, ""toTeamId"": 0, ""type"": ""LINEUP""}]",{33A2097B-D3FE-409F-BF97-CEE89031DBC9},,1790613983861,0,,4,EXECUTED,,14,FUTURE_ROSTER
transaction,2052609889,2026,3,0,EXECUTE,,b565163e-623f-4a21-ab67-21cab638601e,False,False,False,"[{""fromLineupSlotId"": 20, ""fromTeamId"": 0, ""isKeeper"": false, ""overallPickNumber"": 0, ""playerId"": 4032473, ""toLineupSlotId"": 23, ""toTeamId"": 0, ""type"": ""LINEUP""}, {""fromLineupSlotId"": 23, ""fromTeamId"": 0, ""isKeeper"": false, ""overallPickNumber"": 0, ""playerId"": 4428557, ""toLineupSlotId"": 20, ""toTeamId"": 0, ""type"": ""LINEUP""}]",{5E45FFBD-E125-421C-92DB-4C9F02E8C747},,1790179223658,0,,3,EXECUTED,,3,ROSTER
transaction,2052609889,2026,3,0,EXECUTE,,9566a720-f62b-4f97-ba4c-256ccf1bad3c,False,False,False,"[{""fromLineupSlotId"": 20, ""fromTeamId"": 0, ""isKeeper"": false, ""overallPickNumber"": 0, ""playerId"": -16029, ""toLineupSlotId"": 16, ""toTeamId"": 0, ""type"": ""LINEUP""}, {""fromLineupSlotId"": 16, ""fromTeamId"": 0, ""isKeeper"": false, ""overallPickNumber"": 0, ""playerId"": -16008, ""toLineupSlotId"": 20, ""toTeamId"": 0, ""type"": ""LINEUP""}]",{5E45FFBD-E125-421C-92DB-4C9F02E8C747},,1790083993574,0,,3,EXECUTED,,3,ROSTER
transaction,2052609889,2026,3,0,EXECUTE,,cc45742b-dec2-40d6-8e0c-1b90c38888bd,False,True,False,,{420B10CF-D9C7-4268-AACF-2065D727A2F5},,1790179069853,0,c614e15c-dd92-4aac-b28e-cfebbfefc401,3,EXECUTED,,1,TRADE_UPHOLD
transaction,2052609889,2026,3,0,EXECUTE,,ce3da354-432d-4c80-a50f-40761a89daf9,False,False,False,"[{""fromLineupSlotId"": 23, ""fromTeamId"": 0, ""isKeeper"": false, ""overallPickNumber"": 0, ""playerId"": 4685278, ""toLineupSlotId"": 20, ""toTeamId"": 0, ""type"": ""LINEUP""}, {""fromLineupSlotId"": 20, ""fromTeamId"": 0, ""isKeeper"": false, ""overallPickNumber"": 0, ""playerId"": 4372016, ""toLineupSlotId"": 23, ""toTeamId"": 0, ""type"": ""LINEUP""}]",{709731F5-41A1-4946-91B1-4E66D32D2570},,1790097999098,0,,3,EXECUTED,,7,ROSTER
transaction,2052609889,2026,3,0,EXECUTE,,2824ddbf-673a-4771-90d9-627acb7478cb,False,True,False,,{420B10CF-D9C7-4268-AACF-2065D727A2F5},,1790145677804,0,e1d9127d-33fb-4b45-86a0-a157ef3811dd,3,EXECUTED,,1,TRADE_UPHOLD
transaction,2052609889,2026,3,0,EXECUTE,,013fa1fa-c3a7-49d2-9c9a-62200e01a7de,False,False,False,,{33A2097B-D3FE-409F-BF97-CEE89031DBC9},,1790130123876,0,238c8936-4393-423c-b32d-1a4b9609f892,3,EXECUTED,,14,TRADE_DECLINE
transaction,2052609889,2026,3,0,EXECUTE,,c165935a-f44b-41d6-a8ef-7f7e1514d3d8,False,False,False,"[{""fromLineupSlotId"": 20, ""fromTeamId"": 14, ""isKeeper"": false, ""overallPickNumber"": 0, ""playerId"": 4242512, ""toLineupSlotId"": -1, ""toTeamId"": 0, ""type"": ""DROP""}, {""fromLineupSlotId"": 20, ""fromTeamId"": 14, ""isKeeper"": false, ""overallPickNumber"": 0, ""playerId"": -16030, ""toLineupSlotId"": -1, ""toTeamId"": 0, ""type"": ""DROP""}]",{33A2097B-D3FE-409F-BF97-CEE89031DBC9},,1790185675418,0,3ad55c9e-0ce1-46af-8207-220515d7469f,3,,,14,TRADE_ACCEPT
transaction,2052609889,2026,3,0,EXECUTE,,89552c49-2175-470b-beb1-268511a427c1,False,False,False,"[{""fromLineupSlotId"": 20, ""fromTeamId"": 0, ""isKeeper"": false, ""overallPickNumber"": 0, ""playerId"": 4870808, ""toLineupSlotId"": 23, ""toTeamId"": 0, ""type"": ""LINEUP""}, {""fromLineupSlotId"": 23, ""fromTeamId"": 0, ""isKeeper"": false, ""overallPickNumber"": 0, ""playerId"": 4241985, ""toLineupSlotId"": 20, ""toTeamId"": 0, ""type"": ""LINEUP""}]",{33A2097B-D3FE-409F-BF97-CEE89031DBC9},,1790186483074,0,,3,EXECUTED,,14,ROSTER
transaction,2052609889,2026,3,0,EXECUTE,,12e5f5a3-19e0-410b-9f37-0291d36bb6af,False,False,False,"[{""fromLineupSlotId"": 4, ""fromTeamId"": 0, ""isKeeper"": false, ""overallPickNumber"": 0, ""playerId"": 4695883, ""toLineupSlotId"": 23, ""toTeamId"": 0, ""type"": ""LINEUP""}, {""fromLineupSlotId"": 23, ""fromTeamId"": 0, ""isKeeper"": false, ""overallPickNumber"": 0, ""playerId"": 4372016, ""toLineupSlotId"": 4, ""toTeamId"": 0, ""type"": ""LINEUP""}]",{709731F5-41A1-4946-91B1-4E66D32D2570},,1790098013351,0,,3,EXECUTED,,7,ROSTER
transaction,2052609889,2026,0,0,EXECUTE,,863e79e8-9c06-4cd4-a3a2-3da9311138f6,False,False,False,"[{""fromLineupSlotId"": 20, ""fromTeamId"": 0, ""isKeeper"": false, ""overallPickNumber"": 0, ""playerId"": 4035687, ""toLineupSlotId"": 23, ""toTeamId"": 0, ""type"": ""LINEUP""}, {""fromLineupSlotId"": 6, ""fromTeamId"": 0, ""isKeeper"": false, ""overallPickNumber"": 0, ""playerId"": 4242355, ""toLineupSlotId"": 20, ""toTeamId"": 0, ""type"": ""LINEUP""}, {""fromLineupSlotId"": 20, ""fromTeamId"": 0, ""isKeeper"": false, ""overallPickNumber"": 0, ""playerId"": 3929645, ""toLineupSlotId"": 6, ""toTeamId"": 0, ""type"": ""LINEUP""}, {""fromLineupSlotId"": 23, ""fromTeamId"": 0, ""isKeeper"": false, ""overallPickNumber"": 0, ""playerId"": 4597500, ""toLineupSlotId"": 20, ""toTeamId"": 0, ""type"": ""LINEUP""}]",NightlyLeagueUpdateTaskProcessor,,1790668251999,0,,0,EXECUTED,,6,ROSTER
transaction,2052609889,2026,3,0,CANCEL,,8ad1ecc6-bee5-42fa-ae82-af9ae7dbbc62,False,False,False,"[{""fromLineupSlotId"": 2, ""fromTeamId"": 14, ""isKeeper"": false, ""overallPickNumber"": 0, ""playerId"": 4427366, ""toLineupSlotId"": -1, ""toTeamId"": 12, ""type"": ""TRADE""}, {""fromLineupSlotId"": 2, ""fromTeamId"": 12, ""isKeeper"": false, ""overallPickNumber"": 0, ""playerId"": 4242335, ""toLineupSlotId"": -1, ""toTeamId"": 14, ""type"": ""TRADE""}, {""fromLineupSlotId"": 20, ""fromTeamId"": 14, ""isKeeper"": false, ""overallPickNumber"": 0, ""playerId"": 3126486, ""toLineupSlotId"": -1, ""toTeamId"": 12, ""type"": ""TRADE""}]",{33A2097B-D3FE-409F-BF97-CEE89031DBC9},,1790182760612,0,a3c2b30b-7a99-4ed8-b239-66792ffbdeac,3,CANCELED,,14,TRADE_PROPOSAL
transaction,2052609889,2026,3,0,EXECUTE,,bf7aae76-344a-478c-9f86-dd8f55eaf6e6,False,False,False,"[{""fromLineupSlotId"": 20, ""fromTeamId"": 0, ""isKeeper"": false, ""overallPickNumber"": 0, ""playerId"": 3046439, ""toLineupSlotId"": 6, ""toTeamId"": 0, ""type"": ""LINEUP""}, {""fromLineupSlotId"": 6, ""fromTeamId"": 0, ""isKeeper"": false, ""overallPickNumber"": 0, ""playerId"": 3121023, ""toLineupSlotId"": 20, ""toTeamId"": 0, ""type"": ""LINEUP""}]",{C0024D54-8CAF-4BA4-BBF6-0EB8C3D30D2F},,1790085342962,0,,3,EXECUTED,,9,ROSTER
transaction,2052609889,2026,3,0,EXECUTE,,c06499e4-c22c-4816-bfd0-2d98ea000430,False,False,False,"[{""fromLineupSlotId"": 20, ""fromTeamId"": 0, ""isKeeper"": false, ""overallPickNumber"": 0, ""playerId"": 3117256, ""toLineupSlotId"": 23, ""toTeamId"": 0, ""type"": ""LINEUP""}, {""fromLineupSlotId"": 23, ""fromTeamId"": 0, ""isKeeper"": false, ""overallPickNumber"": 0, ""playerId"": 4429023, ""toLineupSlotId"": 20, ""toTeamId"": 0, ""type"": ""LINEUP""}]",{3DCCE924-FEBF-449A-A688-A69FA7E5A090},,1790295108019,0,,3,EXECUTED,,13,ROSTER
transaction,2052609889,2026,3,0,CANCEL,,c8aa3250-f74b-485c-a5f1-e771a56926d2,False,False,False,"[{""fromLineupSlotId"": -1, ""fromTeamId"": 0, ""isKeeper"": false, ""overallPickNumber"": 0, ""playerId"": 4430027, ""toLineupSlotId"": -1, ""toTeamId"": 14, ""type"": ""ADD""}, {""fromLineupSlotId"": 20, ""fromTeamId"": 14, ""isKeeper"": false, ""overallPickNumber"": 0, ""playerId"": 4362619, ""toLineupSlotId"": -1, ""toTeamId"": 0, ""type"": ""DROP""}]",{33A2097B-D3FE-409F-BF97-CEE89031DBC9},,1790099994170,0,9db6e991-86e2-4f8e-af80-369b36c834ee,3,CANCELED,,14,WAIVER
transaction,2052609889,2026,3,0,EXECUTE,,06041960-67f0-46f5-8998-f5a9fa9e830b,False,False,False,"[{""fromLineupSlotId"": 20, ""fromTeamId"": 0, ""isKeeper"": false, ""overallPickNumber"": 0, ""playerId"": 4429205, ""toLineupSlotId"": 4, ""toTeamId"": 0, ""type"": ""LINEUP""}, {""fromLineupSlotId"": 4, ""fromTeamId"": 0, ""isKeeper"": false, ""overallPickNumber"": 0, ""playerId"": 4595348, ""toLineupSlotId"": 20, ""toTeamId"": 0, ""type"": ""LINEUP""}]",{55AE8EA9-6209-4A42-9593-4440046DD4FB},,1790086998638,0,,3,EXECUTED,,5,ROSTER
transaction,2052609889,2026,3,0,CANCEL,,4328302d-bcaf-408a-afba-aaf74509eeb2,False,False,False,"[{""fromLineupSlotId"": 20, ""fromTeamId"": 12, ""isKeeper"": false, ""overallPickNumber"": 0, ""playerId"": 4723086, ""toLineupSlotId"": -1, ""toTeamId"": 14, ""type"": ""TRADE""}, {""fromLineupSlotId"": 20, ""fromTeamId"": 14, ""isKeeper"": false, ""overallPickNumber"": 0, ""playerId"": 4429025, ""toLineupSlotId"": -1, ""toTeamId"": 12, ""type"": ""TRADE""}]",{33A2097B-D3FE-409F-BF97-CEE89031DBC9},,1790182772527,0,81d352ca-96c0-4914-8300-49694b19a562,3,CANCELED,,14,TRADE_PROPOSAL
transaction,2052609889,2026,3,0,PROCESS,,d586f092-7125-4eac-a3ab-78a69a20654e,False,False,False,"[{""fromLineupSlotId"": 20, ""fromTeamId"": 0, ""isKeeper"": false, ""overallPickNumber"": 0, ""playerId"": 4430027, ""toLineupSlotId"": -1, ""toTeamId"": 1, ""type"": ""ADD""}, {""fromLineupSlotId"": 20, ""fromTeamId"": 1, ""isKeeper"": false, ""overallPickNumber"": 0, ""playerId"": 4426385, ""toLineupSlotId"": -1, ""toTeamId"": 0, ""type"": ""DROP""}]",NightlyLeagueUpdateTaskProcessor,1790148780192,1790148780163,0,7ec0178f-34b1-44d7-b544-0b48ea22780a,3,FAILED_INVALIDPLAYERSOURCE,,1,WAIVER
transaction,2052609889,2026,3,0,EXECUTE,,e7a7fbd9-43d4-485b-85d8-9575115491d0,False,False,False,,{55AE8EA9-6209-4A42-9593-4440046DD4FB},,1790101410875,0,22c3c87e-33d0-4a71-bc1d-4be489e31aed,3,EXECUTED,,5,TRADE_DECLINE
transaction,2052609889,2026,3,0,EXECUTE,,b4a91557-9f5a-451e-a9c0-e08ce972f174,False,False,False,"[{""fromLineupSlotId"": 20, ""fromTeamId"": 0, ""isKeeper"": false, ""overallPickNumber"": 0, ""playerId"": 3917315, ""toLineupSlotId"": 0, ""toTeamId"": 0, ""type"": ""LINEUP""}, {""fromLineupSlotId"": 0, ""fromTeamId"": 0, ""isKeeper"": false, ""overallPickNumber"": 0, ""playerId"": 3122840, ""toLineupSlotId"": 20, ""toTeamId"": 0, ""type"": ""LINEUP""}]",{9D2C933F-3612-45A7-AC93-3F361265A73E},,1790301346197,0,,3,EXECUTED,,8,ROSTER
transaction,2052609889,2026,3,0,EXECUTE,,bfd6150e-b89a-47e2-942a-0cc6aba01106,False,False,False,"[{""fromLineupSlotId"": 20, ""fromTeamId"": 0, ""isKeeper"": false, ""overallPickNumber"": 0, ""playerId"": 4567048, ""toLineupSlotId"": 2, ""toTeamId"": 0, ""type"": ""LINEUP""}, {""fromLineupSlotId"": 2, ""fromTeamId"": 0, ""isKeeper"": false, ""overallPickNumber"": 0, ""playerId"": 4426385, ""toLineupSlotId"": 20, ""toTeamId"": 0, ""type"": ""LINEUP""}]",{33A2097B-D3FE-409F-BF97-CEE89031DBC9},,1790186474546,0,,3,EXECUTED,,14,ROSTER
transaction,2052609889,2026,4,0,EXECUTE,,cab9685d-ac86-4922-9f75-70a87e459525,False,False,False,"[{""fromLineupSlotId"": 20, ""fromTeamId"": 0, ""isKeeper"": false, ""overallPickNumber"": 0, ""playerId"": 4035687, ""toLineupSlotId"": 23, ""toTeamId"": 0, ""type"": ""LINEUP""}, {""fromLineupSlotId"": 23, ""fromTeamId"": 0, ""isKeeper"": false, ""overallPickNumber"": 0, ""playerId"": 3916433, ""toLineupSlotId"": 20, ""toTeamId"": 0, ""type"": ""LINEUP""}]",{09659767-BB50-483A-8B84-CCF99DBC91EA},,1790540223663,0,,4,EXECUTED,,6,FUTURE_ROSTER
transaction,2052609889,2026,4,0,EXECUTE,,84ea697f-9ee5-4086-a450-f24397567157,False,False,False,"[{""fromLineupSlotId"": 20, ""fromTeamId"": 0, ""isKeeper"": false, ""overallPickNumber"": 0, ""playerId"": 3916433, ""toLineupSlotId"": 23, ""toTeamId"": 0, ""type"": ""LINEUP""}, {""fromLineupSlotId"": 23, ""fromTeamId"": 0, ""isKeeper"": false, ""overallPickNumber"": 0, ""playerId"": 4597500, ""toLineupSlotId"": 20, ""toTeamId"": 0, ""type"": ""LINEUP""}]",{09659767-BB50-483A-8B84-CCF99DBC91EA},,1790540217342,0,,4,EXECUTED,,6,FUTURE_ROSTER
transaction,2052609889,2026,3,0,EXECUTE,,1e7c26c2-7c87-419f-87f5-fe72c607fadf,False,False,False,,{33A2097B-D3FE-409F-BF97-CEE89031DBC9},,1790182217509,0,d9c5443c-fb2b-4d18-9257-e159fe3195c3,3,EXECUTED,,14,TRADE_DECLINE
transaction,2052609889,2026,3,0,EXECUTE,,3844d9de-ccf7-41b8-b336-9513941fb5f4,False,False,False,"[{""fromLineupSlotId"": 20, ""fromTeamId"": 0, ""isKeeper"": false, ""overallPickNumber"": 0, ""playerId"": 4036378, ""toLineupSlotId"": 0, ""toTeamId"": 0, ""type"": ""LINEUP""}]",{DCD2262B-9570-4713-8396-9C62ADEE96AB},,1790084859212,0,,3,EXECUTED,,12,ROSTER
transaction,2052609889,2026,3,0,PROCESS,,80b9605d-74b7-476f-855e-5921ab7226c4,False,False,False,"[{""fromLineupSlotId"": -1, ""fromTeamId"": 0, ""isKeeper"": false, ""overallPickNumber"": 0, ""playerId"": 4430027, ""toLineupSlotId"": 20, ""toTeamId"": 12, ""type"": ""ADD""}]",NightlyLeagueUpdateTaskProcessor,1790148780190,1790148780163,0,ac8bd09e-98b2-4123-838b-8e3e09393410,3,EXECUTED,,12,WAIVER
transaction,2052609889,2026,3,0,PROCESS,,2565fe7b-4444-4922-80f1-8e562707df3e,False,False,False,"[{""fromLineupSlotId"": 20, ""fromTeamId"": 0, ""isKeeper"": false, ""overallPickNumber"": 0, ""playerId"": 4430027, ""toLineupSlotId"": -1, ""toTeamId"": 7, ""type"": ""ADD""}, {""fromLineupSlotId"": 20, ""fromTeamId"": 7, ""isKeeper"": false, ""overallPickNumber"": 0, ""playerId"": 4429835, ""toLineupSlotId"": -1, ""toTeamId"": 0, ""type"": ""DROP""}]",NightlyLeagueUpdateTaskProcessor,1790148780191,1790148780163,0,236a1936-2062-4d59-8baa-b2ea37631125,3,FAILED_INVALIDPLAYERSOURCE,,7,WAIVER
transaction,2052609889,2026,3,0,EXECUTE,,824cba53-b6af-44d2-ab2a-36b2c3d35eca,False,False,False,"[{""fromLineupSlotId"": -1, ""fromTeamId"": 0, ""isKeeper"": false, ""overallPickNumber"": 0, ""playerId"": 2576925, ""toLineupSlotId"": 20, ""toTeamId"": 3, ""type"": ""ADD""}, {""fromLineupSlotId"": 20, ""fromTeamId"": 3, ""isKeeper"": false, ""overallPickNumber"": 0, ""playerId"": 3051876, ""toLineupSlotId"": -1, ""toTeamId"": 0, ""type"": ""DROP""}]",{5E45FFBD-E125-421C-92DB-4C9F02E8C747},,1790186478308,0,,3,EXECUTED,,3,FREEAGENT
transaction,2052609889,2026,3,0,EXECUTE,,bab0596a-5865-48e3-b185-37cb629cd001,False,False,False,"[{""fromLineupSlotId"": 20, ""fromTeamId"": 0, ""isKeeper"": false, ""overallPickNumber"": 0, ""playerId"": 4429615, ""toLineupSlotId"": 4, ""toTeamId"": 0, ""type"": ""LINEUP""}, {""fromLineupSlotId"": 4, ""fromTeamId"": 0, ""isKeeper"": false, ""overallPickNumber"": 0, ""playerId"": 4688813, ""toLineupSlotId"": 20, ""toTeamId"": 0, ""type"": ""LINEUP""}]",{9D2C933F-3612-45A7-AC93-3F361265A73E},,1790100581186,0,,3,EXECUTED,,8,ROSTER
transaction,2052609889,2026,3,0,EXECUTE,,90198e1c-a584-47b2-bc88-c8d815766be9,False,False,False,"[{""fromLineupSlotId"": 4, ""fromTeamId"": 0, ""isKeeper"": false, ""overallPickNumber"": 0, ""playerId"": 4258173, ""toLineupSlotId"": 20, ""toTeamId"": 0, ""type"": ""LINEUP""}, {""fromLineupSlotId"": 20, ""fromTeamId"": 0, ""isKeeper"": false, ""overallPickNumber"": 0, ""playerId"": 4373678, ""toLineupSlotId"": 4, ""toTeamId"": 0, ""type"": ""LINEUP""}]",{69FAE7D4-494B-4FEA-A60C-528E9439833B},,1790214172937,0,,3,EXECUTED,,10,ROSTER
transaction,2052609889,2026,3,0,CANCEL,,57e15b8c-eb4e-44cd-b0c2-7b7a5a386d8f,False,False,False,"[{""fromLineupSlotId"": 20, ""fromTeamId"": 7, ""isKeeper"": false, ""overallPickNumber"": 0, ""playerId"": 4429086, ""toLineupSlotId"": -1, ""toTeamId"": 3, ""type"": ""TRADE""}, {""fromLineupSlotId"": 20, ""fromTeamId"": 7, ""isKeeper"": false, ""overallPickNumber"": 0, ""playerId"": 3116165, ""toLineupSlotId"": -1, ""toTeamId"": 3, ""type"": ""TRADE""}, {""fromLineupSlotId"": 20, ""fromTeamId"": 3, ""isKeeper"": false, ""overallPickNumber"": 0, ""playerId"": 3915511, ""toLineupSlotId"": -1, ""toTeamId"": 7, ""type"": ""TRADE""}]",{709731F5-41A1-4946-91B1-4E66D32D2570},,1790097134342,0,f910a4cc-a4de-4d8a-9982-fe332da0a7c2,3,CANCELED,,7,TRADE_PROPOSAL
transaction,2052609889,2026,3,0,EXECUTE,,aa2ab99e-571d-457b-bdcc-78d9d8150821,False,False,False,"[{""fromLineupSlotId"": 23, ""fromTeamId"": 0, ""isKeeper"": false, ""overallPickNumber"": 0, ""playerId"": 4427366, ""toLineupSlotId"": 2, ""toTeamId"": 0, ""type"": ""LINEUP""}, {""fromLineupSlotId"": 2, ""fromTeamId"": 0, ""isKeeper"": false, ""overallPickNumber"": 0, ""playerId"": 4241985, ""toLineupSlotId"": 23, ""toTeamId"": 0, ""type"": ""LINEUP""}]",{33A2097B-D3FE-409F-BF97-CEE89031DBC9},,1790186476950,0,,3,EXECUTED,,14,ROSTER
transaction,2052609889,2026,3,0,CANCEL,,92fd9c17-6b19-4637-b170-19f1b4218e11,False,False,False,"[{""fromLineupSlotId"": 2, ""fromTeamId"": 7, ""isKeeper"": false, ""overallPickNumber"": 0, ""playerId"": 4362238, ""toLineupSlotId"": -1, ""toTeamId"": 5, ""type"": ""TRADE""}, {""fromLineupSlotId"": 4, ""fromTeamId"": 7, ""isKeeper"": false, ""overallPickNumber"": 0, ""playerId"": 4426502, ""toLineupSlotId"": -1, ""toTeamId"": 5, ""type"": ""TRADE""}, {""fromLineupSlotId"": 4, ""fromTeamId"": 5, ""isKeeper"": false, ""overallPickNumber"": 0, ""playerId"": 3915416, ""toLineupSlotId"": -1, ""toTeamId"": 7, ""type"": ""TRADE""}, {""fromLineupSlotId"": 6, ""fromTeamId"": 5, ""isKeeper"": false, ""overallPickNumber"": 0, ""playerId"": 4385690, ""toLineupSlotId"": -1, ""toTeamId"": 7, ""type"": ""TRADE""}, {""fromLineupSlotId"": 23, ""fromTeamId"": 5, ""isKeeper"": false, ""overallPickNumber"": 0, ""playerId"": 4429205, ""toLineupSlotId"": -1, ""toTeamId"": 7, ""type"": ""TRADE""}]",{55AE8EA9-6209-4A42-9593-4440046DD4FB},,1790310305264,0,0f7f6551-cd10-4e5a-80ce-d2118fd400c8,3,CANCELED,,5,TRADE_PROPOSAL
transaction,2052609889,2026,3,0,EXECUTE,,0e9bdafc-f673-463d-9198-50a38be07dff,False,False,False,"[{""fromLineupSlotId"": 4, ""fromTeamId"": 0, ""isKeeper"": false, ""overallPickNumber"": 0, ""playerId"": 4870653, ""toLineupSlotId"": 20, ""toTeamId"": 0, ""type"": ""LINEUP""}, {""fromLineupSlotId"": 20, ""fromTeamId"": 0, ""isKeeper"": false, ""overallPickNumber"": 0, ""playerId"": 4373678, ""toLineupSlotId"": 4, ""toTeamId"": 0, ""type"": ""LINEUP""}]",{69FAE7D4-494B-4FEA-A60C-528E9439833B},,1790297368615,0,,3,EXECUTED,,10,ROSTER
transaction,2052609889,2026,3,0,PROCESS,,4abd6572-2da6-4fbe-942b-cce3a7c133d1,False,False,False,"[{""fromLineupSlotId"": -1, ""fromTeamId"": 0, ""isKeeper"": false, ""overallPickNumber"": 0, ""playerId"": -16016, ""toLineupSlotId"": 20, ""toTeamId"": 1, ""type"": ""ADD""}, {""fromLineupSlotId"": 20, ""fromTeamId"": 1, ""isKeeper"": false, ""overallPickNumber"": 0, ""playerId"": 2991662, ""toLineupSlotId"": -1, ""toTeamId"": 0, ""type"": ""DROP""}]",NightlyLeagueUpdateTaskProcessor,1790148780192,1790148780163,0,ca694cf7-2422-4e0d-bfa8-9e6ca292dad2,3,EXECUTED,,1,WAIVER
transaction,2052609889,2026,3,0,CANCEL,,8dcbb448-7745-480d-b768-6203522b8e9f,False,False,False,"[{""fromLineupSlotId"": 23, ""fromTeamId"": 14, ""isKeeper"": false, ""overallPickNumber"": 0, ""playerId"": 4259545, ""toLineupSlotId"": -1, ""toTeamId"": 5, ""type"": ""TRADE""}, {""fromLineupSlotId"": 2, ""fromTeamId"": 5, ""isKeeper"": false, ""overallPickNumber"": 0, ""playerId"": 4567048, ""toLineupSlotId"": -1, ""toTeamId"": 14, ""type"": ""TRADE""}, {""fromLineupSlotId"": 4, ""fromTeamId"": 14, ""isKeeper"": false, ""overallPickNumber"": 0, ""playerId"": 4432620, ""toLineupSlotId"": -1, ""toTeamId"": 5, ""type"": ""TRADE""}]",{33A2097B-D3FE-409F-BF97-CEE89031DBC9},,1790182239265,0,23324f0c-17cf-4db8-8cef-d623217becc7,3,CANCELED,,14,TRADE_PROPOSAL
transaction,2052609889,2026,3,0,EXECUTE,,ac8bd09e-98b2-4123-838b-8e3e09393410,False,False,True,"[{""fromLineupSlotId"": -1, ""fromTeamId"": 0, ""isKeeper"": false, ""overallPickNumber"": 0, ""playerId"": 4430027, ""toLineupSlotId"": -1, ""toTeamId"": 12, ""type"": ""ADD""}]",{DCD2262B-9570-4713-8396-9C62ADEE96AB},,1790084769170,0,,3,PENDING,,12,WAIVER
transaction,2052609889,2026,3,0,EXECUTE,,3fe61d0a-5194-4fb3-8bb0-99affc79d0aa,False,False,False,"[{""fromLineupSlotId"": 4, ""fromTeamId"": 0, ""isKeeper"": false, ""overallPickNumber"": 0, ""playerId"": 4429205, ""toLineupSlotId"": 20, ""toTeamId"": 0, ""type"": ""LINEUP""}, {""fromLineupSlotId"": 20, ""fromTeamId"": 0, ""isKeeper"": false, ""overallPickNumber"": 0, ""playerId"": 4595348, ""toLineupSlotId"": 4, ""toTeamId"": 0, ""type"": ""LINEUP""}]",{55AE8EA9-6209-4A42-9593-4440046DD4FB},,1790185581294,0,,3,EXECUTED,,5,ROSTER
transaction,2052609889,2026,3,0,EXECUTE,,40024d26-a659-40cc-8ffb-c8fa621545a2,False,False,False,"[{""fromLineupSlotId"": 20, ""fromTeamId"": 0, ""isKeeper"": false, ""overallPickNumber"": 0, ""playerId"": 4701936, ""toLineupSlotId"": 23, ""toTeamId"": 0, ""type"": ""LINEUP""}, {""fromLineupSlotId"": 23, ""fromTeamId"": 0, ""isKeeper"": false, ""overallPickNumber"": 0, ""playerId"": 4032473, ""toLineupSlotId"": 20, ""toTeamId"": 0, ""type"": ""LINEUP""}]",{5E45FFBD-E125-421C-92DB-4C9F02E8C747},,1790186653242,0,,3,EXECUTED,,3,ROSTER
transaction,2052609889,2026,3,0,CANCEL,,933338e8-bf1a-41ab-959c-2e135c951b6e,False,False,False,"[{""fromLineupSlotId"": 4, ""fromTeamId"": 14, ""isKeeper"": false, ""overallPickNumber"": 0, ""playerId"": 4362628, ""toLineupSlotId"": -1, ""toTeamId"": 1, ""type"": ""TRADE""}, {""fromLineupSlotId"": 20, ""fromTeamId"": 1, ""isKeeper"": false, ""overallPickNumber"": 0, ""playerId"": 4426385, ""toLineupSlotId"": -1, ""toTeamId"": 14, ""type"": ""TRADE""}, {""fromLineupSlotId"": 6, ""fromTeamId"": 1, ""isKeeper"": false, ""overallPickNumber"": 0, ""playerId"": 4361307, ""toLineupSlotId"": -1, ""toTeamId"": 14, ""type"": ""TRADE""}, {""fromLineupSlotId"": 4, ""fromTeamId"": 1, ""isKeeper"": false, ""overallPickNumber"": 0, ""playerId"": 4685472, ""toLineupSlotId"": -1, ""toTeamId"": 14, ""type"": ""TRADE""}, {""fromLineupSlotId"": 20, ""fromTeamId"": 14, ""isKeeper"": false, ""overallPickNumber"": 0, ""playerId"": 4362619, ""toLineupSlotId"": -1, ""toTeamId"": 0, ""type"": ""DROP""}]",{33A2097B-D3FE-409F-BF97-CEE89031DBC9},,1790101228716,0,4f455c3d-f695-4c94-b760-fcdd53d29615,3,CANCELED,,14,TRADE_PROPOSAL
transaction,2052609889,2026,3,0,EXECUTE,,94b3839a-2dba-4869-9492-4d61a4eabaff,False,False,False,"[{""fromLineupSlotId"": -1, ""fromTeamId"": 0, ""isKeeper"": false, ""overallPickNumber"": 0, ""playerId"": 4819231, ""toLineupSlotId"": 20, ""toTeamId"": 1, ""type"": ""ADD""}]",{420B10CF-D9C7-4268-AACF-2065D727A2F5},,1790180977457,0,,3,EXECUTED,,1,FREEAGENT
transaction,2052609889,2026,3,0,EXECUTE,,79549c66-a355-41f5-a69a-cf216766c741,False,False,False,"[{""fromLineupSlotId"": 20, ""fromTeamId"": 0, ""isKeeper"": false, ""overallPickNumber"": 0, ""playerId"": 4428557, ""toLineupSlotId"": 23, ""toTeamId"": 0, ""type"": ""LINEUP""}, {""fromLineupSlotId"": 23, ""fromTeamId"": 0, ""isKeeper"": false, ""overallPickNumber"": 0, ""playerId"": 4361432, ""toLineupSlotId"": 20, ""toTeamId"": 0, ""type"": ""LINEUP""}]",{5E45FFBD-E125-421C-92DB-4C9F02E8C747},,1790084013786,0,,3,EXECUTED,,3,ROSTER
transaction,2052609889,2026,3,0,EXECUTE,,b7a64e98-788b-438a-aef7-4263c5809329,False,False,False,"[{""fromLineupSlotId"": 20, ""fromTeamId"": 0, ""isKeeper"": false, ""overallPickNumber"": 0, ""playerId"": 2576925, ""toLineupSlotId"": 6, ""toTeamId"": 0, ""type"": ""LINEUP""}, {""fromLineupSlotId"": 6, ""fromTeamId"": 0, ""isKeeper"": false, ""overallPickNumber"": 0, ""playerId"": 4430539, ""toLineupSlotId"": 20, ""toTeamId"": 0, ""type"": ""LINEUP""}]",{5E45FFBD-E125-421C-92DB-4C9F02E8C747},,1790186489777,0,,3,EXECUTED,,3,ROSTER
transaction,2052609889,2026,3,0,EXECUTE,,dc39a176-a0bf-4488-a3a2-5704c74b9085,False,False,False,"[{""fromLineupSlotId"": 20, ""fromTeamId"": 0, ""isKeeper"": false, ""overallPickNumber"": 0, ""playerId"": 4683062, ""toLineupSlotId"": 23, ""toTeamId"": 0, ""type"": ""LINEUP""}, {""fromLineupSlotId"": 23, ""fromTeamId"": 0, ""isKeeper"": false, ""overallPickNumber"": 0, ""playerId"": 16737, ""toLineupSlotId"": 20, ""toTeamId"": 0, ""type"": ""LINEUP""}]",{420B10CF-D9C7-4268-AACF-2065D727A2F5},,1790528371043,0,,3,EXECUTED,,1,ROSTER
transaction,2052609889,2026,3,0,EXECUTE,,c619dfe6-14c8-48a3-83ad-73282893d193,False,False,False,,{33A2097B-D3FE-409F-BF97-CEE89031DBC9},,1790179919031,0,c65b481e-1e76-4d10-8660-799943ff7264,3,EXECUTED,,14,TRADE_DECLINE
transaction,2052609889,2026,3,0,EXECUTE,,fd4320cf-edd0-4910-bb30-2782321b82ec,False,False,False,"[{""fromLineupSlotId"": 20, ""fromTeamId"": 0, ""isKeeper"": false, ""overallPickNumber"": 0, ""playerId"": 4710714, ""toLineupSlotId"": 21, ""toTeamId"": 0, ""type"": ""LINEUP""}]",{33A2097B-D3FE-409F-BF97-CEE89031DBC9},,1790089006584,0,,3,EXECUTED,,14,ROSTER
transaction,2052609889,2026,3,0,CANCEL,,4771340c-0866-48dc-8ad1-e781bbd61e6d,False,False,False,"[{""fromLineupSlotId"": 20, ""fromTeamId"": 1, ""isKeeper"": false, ""overallPickNumber"": 0, ""playerId"": -16033, ""toLineupSlotId"": -1, ""toTeamId"": 5, ""type"": ""TRADE""}, {""fromLineupSlotId"": 20, ""fromTeamId"": 1, ""isKeeper"": false, ""overallPickNumber"": 0, ""playerId"": 4683062, ""toLineupSlotId"": -1, ""toTeamId"": 5, ""type"": ""TRADE""}, {""fromLineupSlotId"": 23, ""fromTeamId"": 1, ""isKeeper"": false, ""overallPickNumber"": 0, ""playerId"": 16737, ""toLineupSlotId"": -1, ""toTeamId"": 5, ""type"": ""TRADE""}, {""fromLineupSlotId"": 6, ""fromTeamId"": 1, ""isKeeper"": false, ""overallPickNumber"": 0, ""playerId"": 4431459, ""toLineupSlotId"": -1, ""toTeamId"": 5, ""type"": ""TRADE""}, {""fromLineupSlotId"": 2, ""fromTeamId"": 5, ""isKeeper"": false, ""overallPickNumber"": 0, ""playerId"": 4430807, ""toLineupSlotId"": -1, ""toTeamId"": 1, ""type"": ""TRADE""}]",{420B10CF-D9C7-4268-AACF-2065D727A2F5},,1790281603452,0,05912486-a3d8-43cb-87e0-f093c2fe35ce,3,CANCELED,,1,TRADE_PROPOSAL
transaction,2052609889,2026,3,0,CANCEL,1790271601941,5acf6a0e-d36a-4c34-925b-24158b6c6c93,False,False,True,"[{""fromLineupSlotId"": 20, ""fromTeamId"": 5, ""isKeeper"": false, ""overallPickNumber"": 0, ""playerId"": 4595348, ""toLineupSlotId"": -1, ""toTeamId"": 12, ""type"": ""TRADE""}, {""fromLineupSlotId"": 20, ""fromTeamId"": 5, ""isKeeper"": false, ""overallPickNumber"": 0, ""playerId"": 4360689, ""toLineupSlotId"": -1, ""toTeamId"": 12, ""type"": ""TRADE""}, {""fromLineupSlotId"": 20, ""fromTeamId"": 12, ""isKeeper"": false, ""overallPickNumber"": 0, ""playerId"": 4569559, ""toLineupSlotId"": -1, ""toTeamId"": 5, ""type"": ""TRADE""}, {""fromLineupSlotId"": 23, ""fromTeamId"": 12, ""isKeeper"": false, ""overallPickNumber"": 0, ""playerId"": 4248528, ""toLineupSlotId"": -1, ""toTeamId"": 5, ""type"": ""TRADE""}]",{33A2097B-D3FE-409F-BF97-CEE89031DBC9},,1790185675418,0,cb9ace6a-cc9f-49a6-8859-8eb0286dff56,3,CANCELED,"{""5"": ""ACCEPTED""}",5,TRADE_PROPOSAL
transaction,2052609889,2026,3,0,EXECUTE,,ead5cda1-a416-49ab-b6ff-d58d314a50e7,False,False,False,"[{""fromLineupSlotId"": 23, ""fromTeamId"": 0, ""isKeeper"": false, ""overallPickNumber"": 0, ""playerId"": 3916148, ""toLineupSlotId"": 20, ""toTeamId"": 0, ""type"": ""LINEUP""}, {""fromLineupSlotId"": 20, ""fromTeamId"": 0, ""isKeeper"": false, ""overallPickNumber"": 0, ""playerId"": 4429205, ""toLineupSlotId"": 23, ""toTeamId"": 0, ""type"": ""LINEUP""}]",{55AE8EA9-6209-4A42-9593-4440046DD4FB},,1790186022719,0,,3,EXECUTED,,5,ROSTER
transaction,2052609889,2026,3,0,EXECUTE,,9899940e-abc8-4a09-8dca-4189a804fd4a,False,False,False,"[{""fromLineupSlotId"": 4, ""fromTeamId"": 0, ""isKeeper"": false, ""overallPickNumber"": 0, ""playerId"": 4361370, ""toLineupSlotId"": 23, ""toTeamId"": 0, ""type"": ""LINEUP""}, {""fromLineupSlotId"": 23, ""fromTeamId"": 0, ""isKeeper"": false, ""overallPickNumber"": 0, ""playerId"": 3121422, ""toLineupSlotId"": 4, ""toTeamId"": 0, ""type"": ""LINEUP""}, {""fromLineupSlotId"": 4, ""fromTeamId"": 0, ""isKeeper"": false, ""overallPickNumber"": 0, ""playerId"": 4373678, ""toLineupSlotId"": 20, ""toTeamId"": 0, ""type"": ""LINEUP""}, {""fromLineupSlotId"": 20, ""fromTeamId"": 0, ""isKeeper"": false, ""overallPickNumber"": 0, ""playerId"": 4870653, ""toLineupSlotId"": 4, ""toTeamId"": 0, ""type"": ""LINEUP""}]",{69FAE7D4-494B-4FEA-A60C-528E9439833B},,1790297334016,0,,3,EXECUTED,,10,ROSTER
transaction,2052609889,2026,3,0,EXECUTE,,856827a4-6728-41df-844c-34c26a7929d1,False,False,False,"[{""fromLineupSlotId"": 20, ""fromTeamId"": 0, ""isKeeper"": false, ""overallPickNumber"": 0, ""playerId"": -16016, ""toLineupSlotId"": 16, ""toTeamId"": 0, ""type"": ""LINEUP""}, {""fromLineupSlotId"": 16, ""fromTeamId"": 0, ""isKeeper"": false, ""overallPickNumber"": 0, ""playerId"": -16033, ""toLineupSlotId"": 20, ""toTeamId"": 0, ""type"": ""LINEUP""}]",{420B10CF-D9C7-4268-AACF-2065D727A2F5},,1790168498823,0,,3,EXECUTED,,1,ROSTER
transaction,2052609889,2026,3,0,EXECUTE,,4fce8a38-1c2d-4066-aed8-4cd0e9ea9a88,False,False,False,"[{""fromLineupSlotId"": -1, ""fromTeamId"": 0, ""isKeeper"": false, ""overallPickNumber"": 0, ""playerId"": 4429013, ""toLineupSlotId"": 20, ""toTeamId"": 7, ""type"": ""ADD""}, {""fromLineupSlotId"": 20, ""fromTeamId"": 7, ""isKeeper"": false, ""overallPickNumber"": 0, ""playerId"": 4429835, ""toLineupSlotId"": -1, ""toTeamId"": 0, ""type"": ""DROP""}]",{709731F5-41A1-4946-91B1-4E66D32D2570},,1790171520793,0,,3,EXECUTED,,7,FREEAGENT
transaction,2052609889,2026,3,0,EXECUTE,,2fd1d1f6-6333-45e0-9783-f0a7b6179dd4,False,True,False,,{420B10CF-D9C7-4268-AACF-2065D727A2F5},,1790185910590,0,3ad55c9e-0ce1-46af-8207-220515d7469f,3,EXECUTED,,1,TRADE_UPHOLD
transaction,2052609889,2026,0,0,EXECUTE,,98ae2a87-35d1-4e23-b4fa-c6cccbee8539,False,False,False,"[{""fromLineupSlotId"": 0, ""fromTeamId"": 0, ""isKeeper"": false, ""overallPickNumber"": 0, ""playerId"": 4431452, ""toLineupSlotId"": 20, ""toTeamId"": 0, ""type"": ""LINEUP""}, {""fromLineupSlotId"": 20, ""fromTeamId"": 0, ""isKeeper"": false, ""overallPickNumber"": 0, ""playerId"": 4360689, ""toLineupSlotId"": 0, ""toTeamId"": 0, ""type"": ""LINEUP""}]",NightlyLeagueUpdateTaskProcessor,,1790668251999,0,,0,EXECUTED,,14,ROSTER
transaction,2052609889,2026,3,0,EXECUTE,1790271601941,cb9ace6a-cc9f-49a6-8859-8eb0286dff56,False,False,True,"[{""fromLineupSlotId"": 20, ""fromTeamId"": 5, ""isKeeper"": false, ""overallPickNumber"": 0, ""playerId"": 4595348, ""toLineupSlotId"": -1, ""toTeamId"": 12, ""type"": ""TRADE""}, {""fromLineupSlotId"": 20, ""fromTeamId"": 5, ""isKeeper"": false, ""overallPickNumber"": 0, ""playerId"": 4360689, ""toLineupSlotId"": -1, ""toTeamId"": 12, ""type"": ""TRADE""}, {""fromLineupSlotId"": 20, ""fromTeamId"": 12, ""isKeeper"": false, ""overallPickNumber"": 0, ""playerId"": 4569559, ""toLineupSlotId"": -1, ""toTeamId"": 5, ""type"": ""TRADE""}, {""fromLineupSlotId"": 23, ""fromTeamId"": 12, ""isKeeper"": false, ""overallPickNumber"": 0, ""playerId"": 4248528, ""toLineupSlotId"": -1, ""toTeamId"": 5, ""type"": ""TRADE""}]",{55AE8EA9-6209-4A42-9593-4440046DD4FB},,1790098801913,0,,3,PENDING,"{""5"": ""ACCEPTED""}",5,TRADE_PROPOSAL
transaction,2052609889,2026,3,0,EXECUTE,,4079de91-0dfa-409a-8177-515e0c24efb9,False,False,False,"[{""fromLineupSlotId"": 20, ""fromTeamId"": 0, ""isKeeper"": false, ""overallPickNumber"": 0, ""playerId"": 3917315, ""toLineupSlotId"": 0, ""toTeamId"": 0, ""type"": ""LINEUP""}, {""fromLineupSlotId"": 0, ""fromTeamId"": 0, ""isKeeper"": false, ""overallPickNumber"": 0, ""playerId"": 4689114, ""toLineupSlotId"": 20, ""toTeamId"": 0, ""type"": ""LINEUP""}]",{9D2C933F-3612-45A7-AC93-3F361265A73E},,1790085477357,0,,3,EXECUTED,,8,ROSTER
transaction,2052609889,2026,3,0,EXECUTE,,9be4545c-4c81-456e-b97a-5d078421332f,False,False,False,"[{""fromLineupSlotId"": 20, ""fromTeamId"": 0, ""isKeeper"": false, ""overallPickNumber"": 0, ""playerId"": 4432665, ""toLineupSlotId"": 6, ""toTeamId"": 0, ""type"": ""LINEUP""}, {""fromLineupSlotId"": 6, ""fromTeamId"": 0, ""isKeeper"": false, ""overallPickNumber"": 0, ""playerId"": 4361411, ""toLineupSlotId"": 20, ""toTeamId"": 0, ""type"": ""LINEUP""}]",{9D2C933F-3612-45A7-AC93-3F361265A73E},,1790100587050,0,,3,EXECUTED,,8,ROSTER
transaction,2052609889,2026,3,0,CANCEL,,5d5b5eb0-566f-439b-8c79-bf6fe529021f,False,False,False,"[{""fromLineupSlotId"": 6, ""fromTeamId"": 5, ""isKeeper"": false, ""overallPickNumber"": 0, ""playerId"": 4385690, ""toLineupSlotId"": -1, ""toTeamId"": 14, ""type"": ""TRADE""}, {""fromLineupSlotId"": 2, ""fromTeamId"": 5, ""isKeeper"": false, ""overallPickNumber"": 0, ""playerId"": 4567048, ""toLineupSlotId"": -1, ""toTeamId"": 14, ""type"": ""TRADE""}, {""fromLineupSlotId"": 23, ""fromTeamId"": 14, ""isKeeper"": false, ""overallPickNumber"": 0, ""playerId"": 4259545, ""toLineupSlotId"": -1, ""toTeamId"": 5, ""type"": ""TRADE""}, {""fromLineupSlotId"": 2, ""fromTeamId"": 14, ""isKeeper"": false, ""overallPickNumber"": 0, ""playerId"": 4427366, ""toLineupSlotId"": -1, ""toTeamId"": 5, ""type"": ""TRADE""}, {""fromLineupSlotId"": 4, ""fromTeamId"": 14, ""isKeeper"": false, ""overallPickNumber"": 0, ""playerId"": 4432620, ""toLineupSlotId"": -1, ""toTeamId"": 5, ""type"": ""TRADE""}, {""fromLineupSlotId"": 20, ""fromTeamId"": 5, ""isKeeper"": false, ""overallPickNumber"": 0, ""playerId"": 4685247, ""toLineupSlotId"": -1, ""toTeamId"": 0, ""type"": ""DROP""}]",{55AE8EA9-6209-4A42-9593-4440046DD4FB},,1790110431104,0,06f6c058-85e4-4bcd-a799-c119ea40137b,3,CANCELED,,5,TRADE_PROPOSAL
transaction,2052609889,2026,3,0,CANCEL,,03d6bbf9-abbc-4392-a648-c2ab3fa32a7f,False,False,False,"[{""fromLineupSlotId"": 20, ""fromTeamId"": 14, ""isKeeper"": false, ""overallPickNumber"": 0, ""playerId"": 4360761, ""toLineupSlotId"": -1, ""toTeamId"": 2, ""type"": ""TRADE""}, {""fromLineupSlotId"": 2, ""fromTeamId"": 2, ""isKeeper"": false, ""overallPickNumber"": 0, ""playerId"": 4239996, ""toLineupSlotId"": -1, ""toTeamId"": 14, ""type"": ""TRADE""}]",{33A2097B-D3FE-409F-BF97-CEE89031DBC9},,1790182767884,0,da5c2ac8-0541-49f3-9959-bfe3bb49f246,3,CANCELED,,14,TRADE_PROPOSAL
transaction,2052609889,2026,3,0,EXECUTE,,acaa93ea-33da-491e-87e1-eb4392303c16,False,False,False,"[{""fromLineupSlotId"": 20, ""fromTeamId"": 0, ""isKeeper"": false, ""overallPickNumber"": 0, ""playerId"": 4426385, ""toLineupSlotId"": 2, ""toTeamId"": 0, ""type"": ""LINEUP""}, {""fromLineupSlotId"": 2, ""fromTeamId"": 0, ""isKeeper"": false, ""overallPickNumber"": 0, ""playerId"": 4870808, ""toLineupSlotId"": 20, ""toTeamId"": 0, ""type"": ""LINEUP""}]",{33A2097B-D3FE-409F-BF97-CEE89031DBC9},,1790186464761,0,,3,EXECUTED,,14,ROSTER
transaction,2052609889,2026,3,0,EXECUTE,,fd52a798-77e7-4c78-a017-457cd5bdfcaf,False,False,False,"[{""fromLineupSlotId"": 20, ""fromTeamId"": 0, ""isKeeper"": false, ""overallPickNumber"": 0, ""playerId"": 4431459, ""toLineupSlotId"": 6, ""toTeamId"": 0, ""type"": ""LINEUP""}]",{420B10CF-D9C7-4268-AACF-2065D727A2F5},,1790179080461,0,,3,EXECUTED,,1,ROSTER
transaction,2052609889,2026,3,0,EXECUTE,,fc79dd6b-57bf-423c-826a-7dd294b125aa,False,False,False,"[{""fromLineupSlotId"": 6, ""fromTeamId"": 0, ""isKeeper"": false, ""overallPickNumber"": 0, ""playerId"": 4723086, ""toLineupSlotId"": 20, ""toTeamId"": 0, ""type"": ""LINEUP""}, {""fromLineupSlotId"": 20, ""fromTeamId"": 0, ""isKeeper"": false, ""overallPickNumber"": 0, ""playerId"": 4430027, ""toLineupSlotId"": 6, ""toTeamId"": 0, ""type"": ""LINEUP""}]",{DCD2262B-9570-4713-8396-9C62ADEE96AB},,1790169397300,0,,3,EXECUTED,,12,ROSTER
transaction,2052609889,2026,4,0,EXECUTE,,dd2947f3-698a-4f44-ae96-5a6442417787,False,False,False,"[{""fromLineupSlotId"": 6, ""fromTeamId"": 0, ""isKeeper"": false, ""overallPickNumber"": 0, ""playerId"": 4242355, ""toLineupSlotId"": 20, ""toTeamId"": 0, ""type"": ""LINEUP""}, {""fromLineupSlotId"": 20, ""fromTeamId"": 0, ""isKeeper"": false, ""overallPickNumber"": 0, ""playerId"": 3929645, ""toLineupSlotId"": 6, ""toTeamId"": 0, ""type"": ""LINEUP""}]",{09659767-BB50-483A-8B84-CCF99DBC91EA},,1790568707108,0,,4,EXECUTED,,6,FUTURE_ROSTER
transaction,2052609889,2026,3,0,EXECUTE,,46fe4e38-d3d7-466c-a3d1-f1458759a2bb,False,False,False,,{420B10CF-D9C7-4268-AACF-2065D727A2F5},,1790180705769,0,a29d74a8-440d-4242-9193-4412d5916f35,3,EXECUTED,,1,TRADE_DECLINE
transaction,2052609889,2026,3,0,EXECUTE,,9bfc4077-f3b3-40f1-babe-0cabca63e595,False,False,False,,{33A2097B-D3FE-409F-BF97-CEE89031DBC9},,1790182225689,0,38b4a605-0fd9-4dc4-b769-fe0ce78fb159,3,EXECUTED,,14,TRADE_DECLINE
transaction,2052609889,2026,3,0,EXECUTE,,4d823094-97e9-4b61-a11b-461362c13118,False,False,False,"[{""fromLineupSlotId"": -1, ""fromTeamId"": 0, ""isKeeper"": false, ""overallPickNumber"": 0, ""playerId"": 4595342, ""toLineupSlotId"": 20, ""toTeamId"": 2, ""type"": ""ADD""}, {""fromLineupSlotId"": 20, ""fromTeamId"": 2, ""isKeeper"": false, ""overallPickNumber"": 0, ""playerId"": 4367209, ""toLineupSlotId"": -1, ""toTeamId"": 0, ""type"": ""DROP""}]",{B2D96ED3-48A0-419E-8251-3F8700A0D3E9},,1790172719112,0,,3,EXECUTED,,2,FREEAGENT
transaction,2052609889,2026,3,0,CANCEL,,d2d9597c-b949-4953-9a49-3de90d16fb49,False,False,False,"[{""fromLineupSlotId"": 20, ""fromTeamId"": 14, ""isKeeper"": false, ""overallPickNumber"": 0, ""playerId"": 4361050, ""toLineupSlotId"": -1, ""toTeamId"": 4, ""type"": ""TRADE""}, {""fromLineupSlotId"": 4, ""fromTeamId"": 14, ""isKeeper"": false, ""overallPickNumber"": 0, ""playerId"": 4432620, ""toLineupSlotId"": -1, ""toTeamId"": 4, ""type"": ""TRADE""}, {""fromLineupSlotId"": 4, ""fromTeamId"": 4, ""isKeeper"": false, ""overallPickNumber"": 0, ""playerId"": 4262921, ""toLineupSlotId"": -1, ""toTeamId"": 14, ""type"": ""TRADE""}]",{33A2097B-D3FE-409F-BF97-CEE89031DBC9},,1790185018710,0,7f2ef002-ed19-4b40-a383-bb2b8f526b7e,3,CANCELED,,14,TRADE_PROPOSAL
transaction,2052609889,2026,3,0,EXECUTE,,3bdc4c26-e292-4454-bc0c-43a9b2089ccb,False,False,False,"[{""fromLineupSlotId"": 6, ""fromTeamId"": 0, ""isKeeper"": false, ""overallPickNumber"": 0, ""playerId"": 3051876, ""toLineupSlotId"": 20, ""toTeamId"": 0, ""type"": ""LINEUP""}, {""fromLineupSlotId"": 20, ""fromTeamId"": 0, ""isKeeper"": false, ""overallPickNumber"": 0, ""playerId"": 4430539, ""toLineupSlotId"": 6, ""toTeamId"": 0, ""type"": ""LINEUP""}]",{5E45FFBD-E125-421C-92DB-4C9F02E8C747},,1790186166334,0,,3,EXECUTED,,3,ROSTER
transaction,2052609889,2026,3,0,EXECUTE,,55d568ee-aba0-4f11-893c-93d337170f36,False,False,False,"[{""fromLineupSlotId"": 20, ""fromTeamId"": 0, ""isKeeper"": false, ""overallPickNumber"": 0, ""playerId"": 4361432, ""toLineupSlotId"": 4, ""toTeamId"": 0, ""type"": ""LINEUP""}, {""fromLineupSlotId"": 4, ""fromTeamId"": 0, ""isKeeper"": false, ""overallPickNumber"": 0, ""playerId"": 4701936, ""toLineupSlotId"": 20, ""toTeamId"": 0, ""type"": ""LINEUP""}]",{5E45FFBD-E125-421C-92DB-4C9F02E8C747},,1790084018818,0,,3,EXECUTED,,3,ROSTER
transaction,2052609889,2026,3,0,CANCEL,,00d49a3f-e191-4bd2-93ec-f5af52397f8f,False,False,False,"[{""fromLineupSlotId"": -1, ""fromTeamId"": 0, ""isKeeper"": false, ""overallPickNumber"": 0, ""playerId"": 4430027, ""toLineupSlotId"": -1, ""toTeamId"": 7, ""type"": ""ADD""}, {""fromLineupSlotId"": 20, ""fromTeamId"": 7, ""isKeeper"": false, ""overallPickNumber"": 0, ""playerId"": 4429086, ""toLineupSlotId"": -1, ""toTeamId"": 0, ""type"": ""DROP""}]",{709731F5-41A1-4946-91B1-4E66D32D2570},,1790096491312,0,62cfd32f-11ad-44eb-b8e3-1bd6801dc63a,3,CANCELED,,7,WAIVER
transaction,2052609889,2026,3,0,EXECUTE,,9dd27d60-5089-4188-afcb-8b6152619439,False,False,False,"[{""fromLineupSlotId"": -1, ""fromTeamId"": 0, ""isKeeper"": false, ""overallPickNumber"": 0, ""playerId"": 3122840, ""toLineupSlotId"": 20, ""toTeamId"": 8, ""type"": ""ADD""}]",{9D2C933F-3612-45A7-AC93-3F361265A73E},,1790187443587,0,,3,EXECUTED,,8,FREEAGENT
transaction,2052609889,2026,3,0,PROCESS,,aaac6e67-d050-4163-8d95-b05ef98d11e7,False,False,False,"[{""fromLineupSlotId"": 20, ""fromTeamId"": 0, ""isKeeper"": false, ""overallPickNumber"": 0, ""playerId"": 4430027, ""toLineupSlotId"": -1, ""toTeamId"": 11, ""type"": ""ADD""}]",NightlyLeagueUpdateTaskProcessor,1790148780191,1790148780163,0,9ed2c0cd-210f-4cb0-ab01-663dd6bd1387,3,FAILED_INVALIDPLAYERSOURCE,,11,WAIVER
transaction,2052609889,2026,3,0,PROCESS,,ac8fd787-5f61-497b-ae95-b147f61643fe,False,False,False,"[{""fromLineupSlotId"": 20, ""fromTeamId"": 0, ""isKeeper"": false, ""overallPickNumber"": 0, ""playerId"": 4430027, ""toLineupSlotId"": -1, ""toTeamId"": 3, ""type"": ""ADD""}, {""fromLineupSlotId"": 6, ""fromTeamId"": 3, ""isKeeper"": false, ""overallPickNumber"": 0, ""playerId"": 3051876, ""toLineupSlotId"": -1, ""toTeamId"": 0, ""type"": ""DROP""}]",NightlyLeagueUpdateTaskProcessor,1790148780191,1790148780163,0,5c8fce1e-5e3b-45df-b68b-d39a059023b9,3,FAILED_INVALIDPLAYERSOURCE,,3,WAIVER
transaction,2052609889,2026,3,0,EXECUTE,,c1b9128f-1661-47f4-a7c4-a56a5d385399,False,False,False,"[{""fromLineupSlotId"": 20, ""fromTeamId"": 0, ""isKeeper"": false, ""overallPickNumber"": 0, ""playerId"": 4361307, ""toLineupSlotId"": 6, ""toTeamId"": 0, ""type"": ""LINEUP""}, {""fromLineupSlotId"": 6, ""fromTeamId"": 0, ""isKeeper"": false, ""overallPickNumber"": 0, ""playerId"": 4361050, ""toLineupSlotId"": 20, ""toTeamId"": 0, ""type"": ""LINEUP""}]",{33A2097B-D3FE-409F-BF97-CEE89031DBC9},,1790179165721,0,,3,EXECUTED,,14,ROSTER
transaction,2052609889,2026,3,0,EXECUTE,,a6fe3fe1-8991-4834-a595-9f833977d0b4,False,False,False,"[{""fromLineupSlotId"": 23, ""fromTeamId"": 0, ""isKeeper"": false, ""overallPickNumber"": 0, ""playerId"": 4241985, ""toLineupSlotId"": 2, ""toTeamId"": 0, ""type"": ""LINEUP""}, {""fromLineupSlotId"": 2, ""fromTeamId"": 0, ""isKeeper"": false, ""overallPickNumber"": 0, ""playerId"": 4427366, ""toLineupSlotId"": 23, ""toTeamId"": 0, ""type"": ""LINEUP""}]",{33A2097B-D3FE-409F-BF97-CEE89031DBC9},,1790186471822,0,,3,EXECUTED,,14,ROSTER
transaction,2052609889,2026,3,0,EXECUTE,,df5994d5-67f1-44e5-b685-44b76bc4c139,False,False,False,"[{""fromLineupSlotId"": 20, ""fromTeamId"": 0, ""isKeeper"": false, ""overallPickNumber"": 0, ""playerId"": 4426348, ""toLineupSlotId"": 21, ""toTeamId"": 0, ""type"": ""LINEUP""}]",{DCD2262B-9570-4713-8396-9C62ADEE96AB},,1790358546003,0,,3,EXECUTED,,12,ROSTER
transaction,2052609889,2026,3,0,EXECUTE,,254def35-b245-4110-a570-923e4e44bd77,False,False,False,"[{""fromLineupSlotId"": 20, ""fromTeamId"": 0, ""isKeeper"": false, ""overallPickNumber"": 0, ""playerId"": 4568490, ""toLineupSlotId"": 2, ""toTeamId"": 0, ""type"": ""LINEUP""}, {""fromLineupSlotId"": 2, ""fromTeamId"": 0, ""isKeeper"": false, ""overallPickNumber"": 0, ""playerId"": 4696044, ""toLineupSlotId"": 20, ""toTeamId"": 0, ""type"": ""LINEUP""}]",{C0024D54-8CAF-4BA4-BBF6-0EB8C3D30D2F},,1790085357842,0,,3,EXECUTED,,9,ROSTER
transaction,2052609889,2026,3,0,EXECUTE,1790257457571,a3c2b30b-7a99-4ed8-b239-66792ffbdeac,False,False,True,"[{""fromLineupSlotId"": 2, ""fromTeamId"": 14, ""isKeeper"": false, ""overallPickNumber"": 0, ""playerId"": 4427366, ""toLineupSlotId"": -1, ""toTeamId"": 12, ""type"": ""TRADE""}, {""fromLineupSlotId"": 2, ""fromTeamId"": 12, ""isKeeper"": false, ""overallPickNumber"": 0, ""playerId"": 4242335, ""toLineupSlotId"": -1, ""toTeamId"": 14, ""type"": ""TRADE""}, {""fromLineupSlotId"": 20, ""fromTeamId"": 14, ""isKeeper"": false, ""overallPickNumber"": 0, ""playerId"": 3126486, ""toLineupSlotId"": -1, ""toTeamId"": 12, ""type"": ""TRADE""}]",{33A2097B-D3FE-409F-BF97-CEE89031DBC9},,1790084657540,0,,3,PENDING,"{""14"": ""ACCEPTED""}",14,TRADE_PROPOSAL
transaction,2052609889,2026,3,0,PROCESS,,a59455fc-e767-4ee6-9511-d7c5af656831,False,False,False,"[{""fromLineupSlotId"": 20, ""fromTeamId"": 0, ""isKeeper"": false, ""overallPickNumber"": 0, ""playerId"": 4430027, ""toLineupSlotId"": -1, ""toTeamId"": 2, ""type"": ""ADD""}]",NightlyLeagueUpdateTaskProcessor,1790148780191,1790148780163,0,31093e5d-6109-46c7-a8ae-08d50e0ec1f6,3,FAILED_INVALIDPLAYERSOURCE,,2,WAIVER
transaction,2052609889,2026,3,0,PROCESS,,b26ad86a-0e1f-4ffb-ad52-a73112aace55,False,False,False,"[{""fromLineupSlotId"": -1, ""fromTeamId"": 0, ""isKeeper"": false, ""overallPickNumber"": 0, ""playerId"": 3924327, ""toLineupSlotId"": 20, ""toTeamId"": 13, ""type"": ""ADD""}, {""fromLineupSlotId"": 20, ""fromTeamId"": 13, ""isKeeper"": false, ""overallPickNumber"": 0, ""playerId"": 4360635, ""toLineupSlotId"": -1, ""toTeamId"": 0, ""type"": ""DROP""}]",NightlyLeagueUpdateTaskProcessor,1790148780190,1790148780163,0,f63e6aac-8eaa-4f3b-b7c3-1020b491aa7c,3,EXECUTED,,13,WAIVER
transaction,2052609889,2026,3,0,EXECUTE,,2e3a41e8-e6ce-4463-99f3-2c7e17ece16c,False,False,False,[],{5E45FFBD-E125-421C-92DB-4C9F02E8C747},,1790097204243,0,e1d9127d-33fb-4b45-86a0-a157ef3811dd,3,,,3,TRADE_ACCEPT
transaction,2052609889,2026,3,0,EXECUTE,,1d7a64c4-f98f-41c9-9446-c851f903edb9,False,False,False,"[{""fromLineupSlotId"": -1, ""fromTeamId"": 0, ""isKeeper"": false, ""overallPickNumber"": 0, ""playerId"": -16004, ""toLineupSlotId"": 20, ""toTeamId"": 14, ""type"": ""ADD""}]",{33A2097B-D3FE-409F-BF97-CEE89031DBC9},,1790176706765,0,,3,EXECUTED,,14,FREEAGENT
transaction,2052609889,2026,3,0,EXECUTE,,34aec058-0cfc-419d-9b9a-3bc639bfd02b,False,False,False,,{55AE8EA9-6209-4A42-9593-4440046DD4FB},,1790180105997,0,8fbec763-82f2-437b-bb47-7cf53dfb0f06,3,EXECUTED,,5,TRADE_DECLINE
transaction,2052609889,2026,3,0,EXECUTE,,931573f0-e4ef-4def-b01b-4b08111131bf,False,False,False,"[{""fromLineupSlotId"": 20, ""fromTeamId"": 0, ""isKeeper"": false, ""overallPickNumber"": 0, ""playerId"": 4569603, ""toLineupSlotId"": 4, ""toTeamId"": 0, ""type"": ""LINEUP""}, {""fromLineupSlotId"": 4, ""fromTeamId"": 0, ""isKeeper"": false, ""overallPickNumber"": 0, ""playerId"": 4432708, ""toLineupSlotId"": 20, ""toTeamId"": 0, ""type"": ""LINEUP""}]",{B2D96ED3-48A0-419E-8251-3F8700A0D3E9},,1790076917577,0,,3,EXECUTED,,2,ROSTER
transaction,2052609889,2026,3,0,EXECUTE,,631f6ca5-a7c7-418c-be8d-28462b448903,False,False,False,"[{""fromLineupSlotId"": 20, ""fromTeamId"": 14, ""isKeeper"": false, ""overallPickNumber"": 0, ""playerId"": 4362619, ""toLineupSlotId"": -1, ""toTeamId"": 0, ""type"": ""DROP""}]",{33A2097B-D3FE-409F-BF97-CEE89031DBC9},,1790179042251,0,c614e15c-dd92-4aac-b28e-cfebbfefc401,3,,,14,TRADE_ACCEPT
transaction,2052609889,2026,3,0,CANCEL,,f4bf3850-f727-4e27-b3be-8e9222cd5f40,False,False,False,"[{""fromLineupSlotId"": 20, ""fromTeamId"": 14, ""isKeeper"": false, ""overallPickNumber"": 0, ""playerId"": 4361050, ""toLineupSlotId"": -1, ""toTeamId"": 4, ""type"": ""TRADE""}, {""fromLineupSlotId"": 4, ""fromTeamId"": 14, ""isKeeper"": false, ""overallPickNumber"": 0, ""playerId"": 4432620, ""toLineupSlotId"": -1, ""toTeamId"": 4, ""type"": ""TRADE""}, {""fromLineupSlotId"": 6, ""fromTeamId"": 4, ""isKeeper"": false, ""overallPickNumber"": 0, ""playerId"": 3116365, ""toLineupSlotId"": -1, ""toTeamId"": 14, ""type"": ""TRADE""}]",{33A2097B-D3FE-409F-BF97-CEE89031DBC9},,1790184172995,0,c8c2d84d-ee06-4a8c-82cd-90a6c312a558,3,CANCELED,,14,TRADE_PROPOSAL
transaction,2052609889,2026,3,0,EXECUTE,,e1e80c2b-0ade-4f6b-85cb-d218e1bdac65,False,False,False,"[{""fromLineupSlotId"": 20, ""fromTeamId"": 12, ""isKeeper"": false, ""overallPickNumber"": 0, ""playerId"": 4362249, ""toLineupSlotId"": -1, ""toTeamId"": 0, ""type"": ""DROP""}]",{DCD2262B-9570-4713-8396-9C62ADEE96AB},,1790084732171,0,,3,EXECUTED,,12,ROSTER
transaction,2052609889,2026,3,0,EXECUTE,,b9841c52-025d-43fc-b585-fdd19cbca7db,False,False,False,"[{""fromLineupSlotId"": 20, ""fromTeamId"": 0, ""isKeeper"": false, ""overallPickNumber"": 0, ""playerId"": 4567048, ""toLineupSlotId"": 2, ""toTeamId"": 0, ""type"": ""LINEUP""}, {""fromLineupSlotId"": 2, ""fromTeamId"": 0, ""isKeeper"": false, ""overallPickNumber"": 0, ""playerId"": 4427366, ""toLineupSlotId"": 20, ""toTeamId"": 0, ""type"": ""LINEUP""}]",{33A2097B-D3FE-409F-BF97-CEE89031DBC9},,1790186462461,0,,3,EXECUTED,,14,ROSTER
transaction,2052609889,2026,3,0,EXECUTE,,f3921f26-3a9b-4cc4-84b3-707b66a210f7,False,False,False,,{55AE8EA9-6209-4A42-9593-4440046DD4FB},,1790087339115,0,868067b2-0d7b-48ab-821e-921ec3d3bc6d,3,EXECUTED,,5,TRADE_DECLINE
transaction,2052609889,2026,3,0,EXECUTE,,f6c30f15-02fe-48ac-922c-2c80cae6c6ae,False,False,False,"[{""fromLineupSlotId"": 0, ""fromTeamId"": 0, ""isKeeper"": false, ""overallPickNumber"": 0, ""playerId"": 4431611, ""toLineupSlotId"": 20, ""toTeamId"": 0, ""type"": ""LINEUP""}]",{709731F5-41A1-4946-91B1-4E66D32D2570},,1790094820977,0,,3,EXECUTED,,7,ROSTER
transaction,2052609889,2026,3,0,EXECUTE,,1bf33725-d82c-4606-8a61-5739647b41dc,False,False,False,"[{""fromLineupSlotId"": 20, ""fromTeamId"": 8, ""isKeeper"": false, ""overallPickNumber"": 0, ""playerId"": 4689114, ""toLineupSlotId"": -1, ""toTeamId"": 0, ""type"": ""DROP""}]",{9D2C933F-3612-45A7-AC93-3F361265A73E},,1790187418960,0,,3,EXECUTED,,8,ROSTER
transaction,2052609889,2026,3,0,PROCESS,,19402c28-f037-4c4f-850b-24ab286defb5,False,False,False,"[{""fromLineupSlotId"": 20, ""fromTeamId"": 0, ""isKeeper"": false, ""overallPickNumber"": 0, ""playerId"": 4430027, ""toLineupSlotId"": -1, ""toTeamId"": 6, ""type"": ""ADD""}]",NightlyLeagueUpdateTaskProcessor,1790148780191,1790148780163,0,d9396fd9-d391-4ddb-9366-8c5ebe703bac,3,FAILED_INVALIDPLAYERSOURCE,,6,WAIVER
transaction,2052609889,2026,4,0,EXECUTE,,66b0732c-68fa-4843-8780-277be31e9f4b,False,False,False,"[{""fromLineupSlotId"": 2, ""fromTeamId"": 0, ""isKeeper"": false, ""overallPickNumber"": 0, ""playerId"": 4241416, ""toLineupSlotId"": 20, ""toTeamId"": 0, ""type"": ""LINEUP""}, {""fromLineupSlotId"": 20, ""fromTeamId"": 0, ""isKeeper"": false, ""overallPickNumber"": 0, ""playerId"": 4569987, ""toLineupSlotId"": 2, ""toTeamId"": 0, ""type"": ""LINEUP""}]",{C3A683C4-4E18-42A2-8913-D0BF137EE61F},,1790707295436,0,,4,EXECUTED,,4,ROSTER
transaction,2052609889,2026,4,0,PROCESS,,ed74e088-7c81-44b6-a3c5-ebeddb5abb26,False,False,False,"[{""fromLineupSlotId"": -1, ""fromTeamId"": 0, ""isKeeper"": false, ""overallPickNumber"": 0, ""playerId"": 15864, ""toLineupSlotId"": 20, ""toTeamId"": 7, ""type"": ""ADD""}]",NightlyLeagueUpdateTaskProcessor,1790752196893,1790752196844,0,e0f09164-1cf5-4606-bd78-949ecf1679ce,4,EXECUTED,,7,WAIVER
transaction,2052609889,2026,4,0,EXECUTE,,e0f2843b-78d7-4167-b63e-98a0f9e5bf7b,False,False,False,"[{""fromLineupSlotId"": -1, ""fromTeamId"": 0, ""isKeeper"": false, ""overallPickNumber"": 0, ""playerId"": 4571557, ""toLineupSlotId"": 20, ""toTeamId"": 1, ""type"": ""ADD""}, {""fromLineupSlotId"": 20, ""fromTeamId"": 1, ""isKeeper"": false, ""overallPickNumber"": 0, ""playerId"": 4819231, ""toLineupSlotId"": -1, ""toTeamId"": 0, ""type"": ""DROP""}]",{420B10CF-D9C7-4268-AACF-2065D727A2F5},,1790863949133,0,,4,EXECUTED,,1,FREEAGENT
transaction,2052609889,2026,4,0,EXECUTE,,a1371b93-b1ab-4986-8213-231fab35e94e,False,False,False,"[{""fromLineupSlotId"": -1, ""fromTeamId"": 0, ""isKeeper"": false, ""overallPickNumber"": 0, ""playerId"": -16005, ""toLineupSlotId"": 20, ""toTeamId"": 12, ""type"": ""ADD""}]",{DCD2262B-9570-4713-8396-9C62ADEE96AB},,1790861886712,0,,4,EXECUTED,,12,FREEAGENT
transaction,2052609889,2026,4,0,PROCESS,,d1ab06d0-1055-4ca8-9f79-fc2bed380694,False,False,False,"[{""fromLineupSlotId"": -1, ""fromTeamId"": 0, ""isKeeper"": false, ""overallPickNumber"": 0, ""playerId"": 2578570, ""toLineupSlotId"": 20, ""toTeamId"": 2, ""type"": ""ADD""}, {""fromLineupSlotId"": 20, ""fromTeamId"": 2, ""isKeeper"": false, ""overallPickNumber"": 0, ""playerId"": 3917792, ""toLineupSlotId"": -1, ""toTeamId"": 0, ""type"": ""DROP""}]",NightlyLeagueUpdateTaskProcessor,1790752196895,1790752196844,0,87ceecff-77b1-4171-a820-06595b6f6ea4,4,EXECUTED,,2,WAIVER
transaction,2052609889,2026,4,0,PROCESS,,5725bf67-bb25-48f7-aa89-840aaf465f4f,False,False,False,"[{""fromLineupSlotId"": -1, ""fromTeamId"": 0, ""isKeeper"": false, ""overallPickNumber"": 0, ""playerId"": 4430968, ""toLineupSlotId"": -1, ""toTeamId"": 2, ""type"": ""ADD""}, {""fromLineupSlotId"": 20, ""fromTeamId"": 2, ""isKeeper"": false, ""overallPickNumber"": 0, ""playerId"": 4595342, ""toLineupSlotId"": -1, ""toTeamId"": 0, ""type"": ""DROP""}, {""fromLineupSlotId"": 20, ""fromTeamId"": 2, ""isKeeper"": false, ""overallPickNumber"": 0, ""playerId"": 3917792, ""toLineupSlotId"": -1, ""toTeamId"": 0, ""type"": ""DROP""}, {""fromLineupSlotId"": 2, ""fromTeamId"": 2, ""isKeeper"": false, ""overallPickNumber"": 0, ""playerId"": 4429160, ""toLineupSlotId"": -1, ""toTeamId"": 0, ""type"": ""DROP""}]",NightlyLeagueUpdateTaskProcessor,1790752196896,1790752196844,0,8d49a281-5926-4e6c-90ad-9643ef1ab1e3,4,FAILED_PLAYERALREADYDROPPED,,2,WAIVER
transaction,2052609889,2026,4,0,EXECUTE,,164219a8-c535-4e05-af5b-bd33ac1c83df,False,False,False,"[{""fromLineupSlotId"": 23, ""fromTeamId"": 0, ""isKeeper"": false, ""overallPickNumber"": 0, ""playerId"": 4599739, ""toLineupSlotId"": 20, ""toTeamId"": 0, ""type"": ""LINEUP""}, {""fromLineupSlotId"": 20, ""fromTeamId"": 0, ""isKeeper"": false, ""overallPickNumber"": 0, ""playerId"": 4371733, ""toLineupSlotId"": 23, ""toTeamId"": 0, ""type"": ""LINEUP""}]",{B2D96ED3-48A0-419E-8251-3F8700A0D3E9},,1790776673629,0,,4,EXECUTED,,2,ROSTER
transaction,2052609889,2026,4,0,EXECUTE,,c579eeb6-3bb3-403d-9834-ad5c94e3a2f1,False,False,False,"[{""fromLineupSlotId"": 20, ""fromTeamId"": 0, ""isKeeper"": false, ""overallPickNumber"": 0, ""playerId"": 4239996, ""toLineupSlotId"": 21, ""toTeamId"": 0, ""type"": ""LINEUP""}]",{B2D96ED3-48A0-419E-8251-3F8700A0D3E9},,1790865796591,0,,4,EXECUTED,,2,ROSTER
transaction,2052609889,2026,4,0,PROCESS,,f69d9b72-6ab7-4d52-82b7-60c61efcc294,False,False,False,"[{""fromLineupSlotId"": 20, ""fromTeamId"": 0, ""isKeeper"": false, ""overallPickNumber"": 0, ""playerId"": 4711533, ""toLineupSlotId"": -1, ""toTeamId"": 2, ""type"": ""ADD""}, {""fromLineupSlotId"": 2, ""fromTeamId"": 2, ""isKeeper"": false, ""overallPickNumber"": 0, ""playerId"": 4429160, ""toLineupSlotId"": -1, ""toTeamId"": 0, ""type"": ""DROP""}]",NightlyLeagueUpdateTaskProcessor,1790752196889,1790752196844,0,4d8ea909-87ad-434b-8198-39c00a8bd740,4,FAILED_INVALIDPLAYERSOURCE,,2,WAIVER
transaction,2052609889,2026,4,0,EXECUTE,,a8325e94-e590-4415-b211-569f67f04a47,False,False,False,"[{""fromLineupSlotId"": 20, ""fromTeamId"": 7, ""isKeeper"": false, ""overallPickNumber"": 0, ""playerId"": 4688380, ""toLineupSlotId"": -1, ""toTeamId"": 0, ""type"": ""DROP""}]",{709731F5-41A1-4946-91B1-4E66D32D2570},,1790699852419,0,,4,EXECUTED,,7,ROSTER
transaction,2052609889,2026,4,0,EXECUTE,,488263a8-e1fd-453f-9fe6-9681a0d2fefe,False,False,False,,{55AE8EA9-6209-4A42-9593-4440046DD4FB},,1790733602667,0,9c690d35-b83c-4889-8785-6857f9a9b234,4,EXECUTED,,5,TRADE_DECLINE
transaction,2052609889,2026,4,0,EXECUTE,,e66530e0-d140-4fcf-860a-d2c26c927cdd,False,False,False,"[{""fromLineupSlotId"": 23, ""fromTeamId"": 0, ""isKeeper"": false, ""overallPickNumber"": 0, ""playerId"": 4371733, ""toLineupSlotId"": 20, ""toTeamId"": 0, ""type"": ""LINEUP""}, {""fromLineupSlotId"": 20, ""fromTeamId"": 0, ""isKeeper"": false, ""overallPickNumber"": 0, ""playerId"": 4599739, ""toLineupSlotId"": 23, ""toTeamId"": 0, ""type"": ""LINEUP""}]",{B2D96ED3-48A0-419E-8251-3F8700A0D3E9},,1790775778396,0,,4,EXECUTED,,2,ROSTER
transaction,2052609889,2026,4,0,EXECUTE,,8f20d849-56b2-410c-866a-cf9e16bc91b3,False,False,False,"[{""fromLineupSlotId"": -1, ""fromTeamId"": 0, ""isKeeper"": false, ""overallPickNumber"": 0, ""playerId"": 4695404, ""toLineupSlotId"": 20, ""toTeamId"": 13, ""type"": ""ADD""}]",{3DCCE924-FEBF-449A-A688-A69FA7E5A090},,1790863443035,0,,4,EXECUTED,,13,FREEAGENT
transaction,2052609889,2026,4,0,EXECUTE,,07297f90-fa89-4a57-b586-32edb1ecf1f1,False,False,False,"[{""fromLineupSlotId"": 20, ""fromTeamId"": 0, ""isKeeper"": false, ""overallPickNumber"": 0, ""playerId"": 4258173, ""toLineupSlotId"": 4, ""toTeamId"": 0, ""type"": ""LINEUP""}, {""fromLineupSlotId"": 4, ""fromTeamId"": 0, ""isKeeper"": false, ""overallPickNumber"": 0, ""playerId"": 4373678, ""toLineupSlotId"": 20, ""toTeamId"": 0, ""type"": ""LINEUP""}]",{69FAE7D4-494B-4FEA-A60C-528E9439833B},,1790702063136,0,,4,EXECUTED,,10,ROSTER
transaction,2052609889,2026,4,0,EXECUTE,,9295b51e-bb29-4a06-98dc-c17ee39b028d,False,False,False,"[{""fromLineupSlotId"": 16, ""fromTeamId"": 0, ""isKeeper"": false, ""overallPickNumber"": 0, ""playerId"": -16025, ""toLineupSlotId"": 20, ""toTeamId"": 0, ""type"": ""LINEUP""}, {""fromLineupSlotId"": 20, ""fromTeamId"": 0, ""isKeeper"": false, ""overallPickNumber"": 0, ""playerId"": -16028, ""toLineupSlotId"": 16, ""toTeamId"": 0, ""type"": ""LINEUP""}]",{C3A683C4-4E18-42A2-8913-D0BF137EE61F},,1790819573640,0,,4,EXECUTED,,4,ROSTER
transaction,2052609889,2026,4,0,PROCESS,,ea6c1651-b5e0-4e96-a15b-5be6a9bdd25d,False,False,False,"[{""fromLineupSlotId"": -1, ""fromTeamId"": 0, ""isKeeper"": false, ""overallPickNumber"": 0, ""playerId"": 2991662, ""toLineupSlotId"": 20, ""toTeamId"": 5, ""type"": ""ADD""}, {""fromLineupSlotId"": 20, ""fromTeamId"": 5, ""isKeeper"": false, ""overallPickNumber"": 0, ""playerId"": 3116406, ""toLineupSlotId"": -1, ""toTeamId"": 0, ""type"": ""DROP""}]",NightlyLeagueUpdateTaskProcessor,1790752196891,1790752196844,0,92f1f6db-effd-4fff-9a04-18b08e4a7dc4,4,EXECUTED,,5,WAIVER
transaction,2052609889,2026,4,0,EXECUTE,,3e3410af-aadd-4082-87d8-de7a6946cba1,False,False,False,"[{""fromLineupSlotId"": 2, ""fromTeamId"": 0, ""isKeeper"": false, ""overallPickNumber"": 0, ""playerId"": 4685247, ""toLineupSlotId"": 23, ""toTeamId"": 0, ""type"": ""LINEUP""}, {""fromLineupSlotId"": 23, ""fromTeamId"": 0, ""isKeeper"": false, ""overallPickNumber"": 0, ""playerId"": 4430807, ""toLineupSlotId"": 2, ""toTeamId"": 0, ""type"": ""LINEUP""}]",{55AE8EA9-6209-4A42-9593-4440046DD4FB},,1790775391140,0,,4,EXECUTED,,5,ROSTER
transaction,2052609889,2026,4,0,EXECUTE,,9908d162-b5f8-467d-8e14-0cfb0f48c573,False,False,False,"[{""fromLineupSlotId"": 20, ""fromTeamId"": 0, ""isKeeper"": false, ""overallPickNumber"": 0, ""playerId"": 4429205, ""toLineupSlotId"": 23, ""toTeamId"": 0, ""type"": ""LINEUP""}, {""fromLineupSlotId"": 23, ""fromTeamId"": 0, ""isKeeper"": false, ""overallPickNumber"": 0, ""playerId"": 4685247, ""toLineupSlotId"": 20, ""toTeamId"": 0, ""type"": ""LINEUP""}]",{55AE8EA9-6209-4A42-9593-4440046DD4FB},,1790775396335,0,,4,EXECUTED,,5,ROSTER
transaction,2052609889,2026,4,0,EXECUTE,,160ef7c6-0af7-498e-aa4f-a02ead6e60e2,False,False,False,"[{""fromLineupSlotId"": -1, ""fromTeamId"": 0, ""isKeeper"": false, ""overallPickNumber"": 0, ""playerId"": -16014, ""toLineupSlotId"": 16, ""toTeamId"": 14, ""type"": ""ADD""}, {""fromLineupSlotId"": 16, ""fromTeamId"": 14, ""isKeeper"": false, ""overallPickNumber"": 0, ""playerId"": -16004, ""toLineupSlotId"": -1, ""toTeamId"": 0, ""type"": ""DROP""}]",{33A2097B-D3FE-409F-BF97-CEE89031DBC9},,1790862286219,0,,4,EXECUTED,,14,FREEAGENT
transaction,2052609889,2026,4,0,EXECUTE,,19633dc0-0c3c-42a9-b42c-f5313c188e0d,False,False,False,"[{""fromLineupSlotId"": 23, ""fromTeamId"": 0, ""isKeeper"": false, ""overallPickNumber"": 0, ""playerId"": 4701936, ""toLineupSlotId"": 4, ""toTeamId"": 0, ""type"": ""LINEUP""}, {""fromLineupSlotId"": 4, ""fromTeamId"": 0, ""isKeeper"": false, ""overallPickNumber"": 0, ""playerId"": 4361432, ""toLineupSlotId"": 23, ""toTeamId"": 0, ""type"": ""LINEUP""}]",{5E45FFBD-E125-421C-92DB-4C9F02E8C747},,1790715204373,0,,4,EXECUTED,,3,ROSTER
transaction,2052609889,2026,4,0,EXECUTE,,a86402a3-9400-4278-9355-651c9de2873c,False,False,False,"[{""fromLineupSlotId"": 20, ""fromTeamId"": 0, ""isKeeper"": false, ""overallPickNumber"": 0, ""playerId"": 4241416, ""toLineupSlotId"": 23, ""toTeamId"": 0, ""type"": ""LINEUP""}, {""fromLineupSlotId"": 23, ""fromTeamId"": 0, ""isKeeper"": false, ""overallPickNumber"": 0, ""playerId"": 5081432, ""toLineupSlotId"": 20, ""toTeamId"": 0, ""type"": ""LINEUP""}]",{C3A683C4-4E18-42A2-8913-D0BF137EE61F},,1790707299957,0,,4,EXECUTED,,4,ROSTER
transaction,2052609889,2026,4,0,PROCESS,,e275286a-b762-41d1-ab39-554bb2b2b5cf,False,False,False,"[{""fromLineupSlotId"": -1, ""fromTeamId"": 0, ""isKeeper"": false, ""overallPickNumber"": 0, ""playerId"": 4599739, ""toLineupSlotId"": 20, ""toTeamId"": 2, ""type"": ""ADD""}, {""fromLineupSlotId"": 20, ""fromTeamId"": 2, ""isKeeper"": false, ""overallPickNumber"": 0, ""playerId"": 4595342, ""toLineupSlotId"": -1, ""toTeamId"": 0, ""type"": ""DROP""}]",NightlyLeagueUpdateTaskProcessor,1790752196889,1790752196844,0,79bc6670-aaae-465b-a571-783b7f2af265,4,EXECUTED,,2,WAIVER
transaction,2052609889,2026,4,0,PROCESS,,5cce3f11-a781-45ef-8d52-237ff64ee284,False,False,False,"[{""fromLineupSlotId"": -1, ""fromTeamId"": 0, ""isKeeper"": false, ""overallPickNumber"": 0, ""playerId"": 4686612, ""toLineupSlotId"": 20, ""toTeamId"": 7, ""type"": ""ADD""}, {""fromLineupSlotId"": 20, ""fromTeamId"": 7, ""isKeeper"": false, ""overallPickNumber"": 0, ""playerId"": 4429086, ""toLineupSlotId"": -1, ""toTeamId"": 0, ""type"": ""DROP""}]",NightlyLeagueUpdateTaskProcessor,1790752196888,1790752196844,0,e6ca5773-597a-441b-92fb-3a6ab7dbdaaa,4,EXECUTED,,7,WAIVER
transaction,2052609889,2026,4,0,EXECUTE,,607ab136-547c-4af4-a28e-f4d5b74e6060,False,False,False,"[{""fromLineupSlotId"": 20, ""fromTeamId"": 12, ""isKeeper"": false, ""overallPickNumber"": 0, ""playerId"": -16019, ""toLineupSlotId"": -1, ""toTeamId"": 0, ""type"": ""DROP""}]",{DCD2262B-9570-4713-8396-9C62ADEE96AB},,1790861894962,0,,4,EXECUTED,,12,ROSTER
transaction,2052609889,2026,4,0,EXECUTE,,21239adf-7374-47c3-b0d0-6a34de6b6f65,False,False,False,,{A8D3563F-B65D-4A80-AC47-45FCD6E9981B},,1790733206831,0,d6a1a357-1b44-4a51-9e9c-c46a7f4cf09d,4,EXECUTED,,11,TRADE_DECLINE
transaction,2052609889,2026,4,0,EXECUTE,,77a1f2c5-1b52-4b0b-a2a5-869524aa920c,False,False,False,"[{""fromLineupSlotId"": 4, ""fromTeamId"": 0, ""isKeeper"": false, ""overallPickNumber"": 0, ""playerId"": 4427095, ""toLineupSlotId"": 20, ""toTeamId"": 0, ""type"": ""LINEUP""}, {""fromLineupSlotId"": 20, ""fromTeamId"": 0, ""isKeeper"": false, ""overallPickNumber"": 0, ""playerId"": 4258173, ""toLineupSlotId"": 4, ""toTeamId"": 0, ""type"": ""LINEUP""}]",{69FAE7D4-494B-4FEA-A60C-528E9439833B},,1790777723270,0,,4,EXECUTED,,10,ROSTER
transaction,2052609889,2026,4,0,PROCESS,,be4a8f3c-1709-471b-9158-992f18d91075,False,False,False,"[{""fromLineupSlotId"": -1, ""fromTeamId"": 0, ""isKeeper"": false, ""overallPickNumber"": 0, ""playerId"": -16028, ""toLineupSlotId"": 20, ""toTeamId"": 4, ""type"": ""ADD""}, {""fromLineupSlotId"": 20, ""fromTeamId"": 4, ""isKeeper"": false, ""overallPickNumber"": 0, ""playerId"": 4678008, ""toLineupSlotId"": -1, ""toTeamId"": 0, ""type"": ""DROP""}, {""fromLineupSlotId"": 20, ""fromTeamId"": 4, ""isKeeper"": false, ""overallPickNumber"": 0, ""playerId"": -16014, ""toLineupSlotId"": -1, ""toTeamId"": 0, ""type"": ""DROP""}]",NightlyLeagueUpdateTaskProcessor,1790752196888,1790752196844,0,a49aacaa-9c1d-458b-b95b-00a31e9122b1,4,EXECUTED,,4,WAIVER
transaction,2052609889,2026,4,0,EXECUTE,,5266b548-5a90-4d8a-b803-1dd156a522fd,False,False,False,"[{""fromLineupSlotId"": 2, ""fromTeamId"": 0, ""isKeeper"": false, ""overallPickNumber"": 0, ""playerId"": 4685382, ""toLineupSlotId"": 23, ""toTeamId"": 0, ""type"": ""LINEUP""}, {""fromLineupSlotId"": 23, ""fromTeamId"": 0, ""isKeeper"": false, ""overallPickNumber"": 0, ""playerId"": 4371733, ""toLineupSlotId"": 2, ""toTeamId"": 0, ""type"": ""LINEUP""}]",{B2D96ED3-48A0-419E-8251-3F8700A0D3E9},,1790776676793,0,,4,EXECUTED,,2,ROSTER
transaction,2052609889,2026,4,0,PROCESS,,8b72f358-3168-47dd-87a2-ae17e4aa8e27,False,False,False,"[{""fromLineupSlotId"": -1, ""fromTeamId"": 0, ""isKeeper"": false, ""overallPickNumber"": 0, ""playerId"": -16003, ""toLineupSlotId"": 16, ""toTeamId"": 10, ""type"": ""ADD""}, {""fromLineupSlotId"": 16, ""fromTeamId"": 10, ""isKeeper"": false, ""overallPickNumber"": 0, ""playerId"": -16009, ""toLineupSlotId"": -1, ""toTeamId"": 0, ""type"": ""DROP""}]",NightlyLeagueUpdateTaskProcessor,1790752196889,1790752196844,0,ad47c361-ad79-4be7-add7-827db0df6146,4,EXECUTED,,10,WAIVER
transaction,2052609889,2026,4,0,EXECUTE,,45aeea03-a0f8-4696-a6c3-404398304fa4,False,False,False,"[{""fromLineupSlotId"": 2, ""fromTeamId"": 0, ""isKeeper"": false, ""overallPickNumber"": 0, ""playerId"": 4686658, ""toLineupSlotId"": 20, ""toTeamId"": 0, ""type"": ""LINEUP""}, {""fromLineupSlotId"": 20, ""fromTeamId"": 0, ""isKeeper"": false, ""overallPickNumber"": 0, ""playerId"": 4429059, ""toLineupSlotId"": 2, ""toTeamId"": 0, ""type"": ""LINEUP""}]",{B2D96ED3-48A0-419E-8251-3F8700A0D3E9},,1790775588661,0,,4,EXECUTED,,2,ROSTER
transaction,2052609889,2026,4,0,EXECUTE,,d160c9c5-3b24-4103-9503-9849a072308d,False,False,False,"[{""fromLineupSlotId"": 4, ""fromTeamId"": 0, ""isKeeper"": false, ""overallPickNumber"": 0, ""playerId"": 4832800, ""toLineupSlotId"": 23, ""toTeamId"": 0, ""type"": ""LINEUP""}, {""fromLineupSlotId"": 23, ""fromTeamId"": 0, ""isKeeper"": false, ""overallPickNumber"": 0, ""playerId"": 4248528, ""toLineupSlotId"": 4, ""toTeamId"": 0, ""type"": ""LINEUP""}]",{DCD2262B-9570-4713-8396-9C62ADEE96AB},,1790862358580,0,,4,EXECUTED,,12,ROSTER
transaction,2052609889,2026,4,0,EXECUTE,,76e81b8b-ee24-4e54-ba4a-2909dcd81176,False,False,False,"[{""fromLineupSlotId"": 23, ""fromTeamId"": 0, ""isKeeper"": false, ""overallPickNumber"": 0, ""playerId"": 4695883, ""toLineupSlotId"": 20, ""toTeamId"": 0, ""type"": ""LINEUP""}, {""fromLineupSlotId"": 20, ""fromTeamId"": 0, ""isKeeper"": false, ""overallPickNumber"": 0, ""playerId"": 4685278, ""toLineupSlotId"": 23, ""toTeamId"": 0, ""type"": ""LINEUP""}]",{709731F5-41A1-4946-91B1-4E66D32D2570},,1790701594627,0,,4,EXECUTED,,7,ROSTER
transaction,2052609889,2026,4,0,EXECUTE,,600686a9-f80d-4e1b-8580-ee9038518eb7,False,False,False,"[{""fromLineupSlotId"": 20, ""fromTeamId"": 0, ""isKeeper"": false, ""overallPickNumber"": 0, ""playerId"": 4360761, ""toLineupSlotId"": 23, ""toTeamId"": 0, ""type"": ""LINEUP""}, {""fromLineupSlotId"": 23, ""fromTeamId"": 0, ""isKeeper"": false, ""overallPickNumber"": 0, ""playerId"": 4427366, ""toLineupSlotId"": 20, ""toTeamId"": 0, ""type"": ""LINEUP""}]",{33A2097B-D3FE-409F-BF97-CEE89031DBC9},,1790862222010,0,,4,EXECUTED,,14,ROSTER
transaction,2052609889,2026,4,0,PROCESS,,ce4305ae-6006-4270-8c24-4a34ac284f49,False,False,False,"[{""fromLineupSlotId"": -1, ""fromTeamId"": 0, ""isKeeper"": false, ""overallPickNumber"": 0, ""playerId"": 4686658, ""toLineupSlotId"": 2, ""toTeamId"": 2, ""type"": ""ADD""}, {""fromLineupSlotId"": 2, ""fromTeamId"": 2, ""isKeeper"": false, ""overallPickNumber"": 0, ""playerId"": 4429160, ""toLineupSlotId"": -1, ""toTeamId"": 0, ""type"": ""DROP""}]",NightlyLeagueUpdateTaskProcessor,1790752196894,1790752196844,0,ae36c633-b35a-4b06-b397-9316301c4140,4,EXECUTED,,2,WAIVER
transaction,2052609889,2026,4,0,PROCESS,,21f2d37b-eb6e-4bc1-9c7a-2f0e16f9afe2,False,False,False,"[{""fromLineupSlotId"": -1, ""fromTeamId"": 0, ""isKeeper"": false, ""overallPickNumber"": 0, ""playerId"": 4711533, ""toLineupSlotId"": 20, ""toTeamId"": 13, ""type"": ""ADD""}, {""fromLineupSlotId"": 20, ""fromTeamId"": 13, ""isKeeper"": false, ""overallPickNumber"": 0, ""playerId"": 4360078, ""toLineupSlotId"": -1, ""toTeamId"": 0, ""type"": ""DROP""}]",NightlyLeagueUpdateTaskProcessor,1790752196887,1790752196844,0,f1c74429-4a4e-479c-84aa-878b1937d104,4,EXECUTED,,13,WAIVER
transaction,2052609889,2026,4,0,EXECUTE,,8437d101-174a-4888-9944-d3605ffa844a,False,False,False,"[{""fromLineupSlotId"": 23, ""fromTeamId"": 0, ""isKeeper"": false, ""overallPickNumber"": 0, ""playerId"": 4685382, ""toLineupSlotId"": 2, ""toTeamId"": 0, ""type"": ""LINEUP""}, {""fromLineupSlotId"": 2, ""fromTeamId"": 0, ""isKeeper"": false, ""overallPickNumber"": 0, ""playerId"": 4599739, ""toLineupSlotId"": 23, ""toTeamId"": 0, ""type"": ""LINEUP""}]",{B2D96ED3-48A0-419E-8251-3F8700A0D3E9},,1790775597722,0,,4,EXECUTED,,2,ROSTER
transaction,2052609889,2026,4,0,EXECUTE,,45cc2b1a-6d36-476f-a9d7-22d6b30106d8,False,False,False,"[{""fromLineupSlotId"": 20, ""fromTeamId"": 0, ""isKeeper"": false, ""overallPickNumber"": 0, ""playerId"": -16005, ""toLineupSlotId"": 16, ""toTeamId"": 0, ""type"": ""LINEUP""}, {""fromLineupSlotId"": 16, ""fromTeamId"": 0, ""isKeeper"": false, ""overallPickNumber"": 0, ""playerId"": -16019, ""toLineupSlotId"": 20, ""toTeamId"": 0, ""type"": ""LINEUP""}]",{DCD2262B-9570-4713-8396-9C62ADEE96AB},,1790861890571,0,,4,EXECUTED,,12,ROSTER
transaction,2052609889,2026,4,0,PROCESS,,4b455639-027e-42c3-bd30-0e208bb1532b,False,False,False,"[{""fromLineupSlotId"": -1, ""fromTeamId"": 0, ""isKeeper"": false, ""overallPickNumber"": 0, ""playerId"": 3068267, ""toLineupSlotId"": 20, ""toTeamId"": 4, ""type"": ""ADD""}, {""fromLineupSlotId"": 20, ""fromTeamId"": 4, ""isKeeper"": false, ""overallPickNumber"": 0, ""playerId"": 4038441, ""toLineupSlotId"": -1, ""toTeamId"": 0, ""type"": ""DROP""}]",NightlyLeagueUpdateTaskProcessor,1790752196892,1790752196844,0,5790eaca-531c-4ae4-848c-82df04cf6079,4,EXECUTED,,4,WAIVER
transaction,2052609889,2026,4,0,EXECUTE,,27b6df8c-5a5c-4c9f-bed8-6203fb645203,False,False,False,"[{""fromLineupSlotId"": 23, ""fromTeamId"": 0, ""isKeeper"": false, ""overallPickNumber"": 0, ""playerId"": 4870808, ""toLineupSlotId"": 2, ""toTeamId"": 0, ""type"": ""LINEUP""}, {""fromLineupSlotId"": 2, ""fromTeamId"": 0, ""isKeeper"": false, ""overallPickNumber"": 0, ""playerId"": 4427366, ""toLineupSlotId"": 23, ""toTeamId"": 0, ""type"": ""LINEUP""}]",{33A2097B-D3FE-409F-BF97-CEE89031DBC9},,1790862217630,0,,4,EXECUTED,,14,ROSTER
transaction,2052609889,2026,4,0,PROCESS,,620bf8ee-920f-4931-a379-27ff9137dc80,False,False,False,"[{""fromLineupSlotId"": 20, ""fromTeamId"": 0, ""isKeeper"": false, ""overallPickNumber"": 0, ""playerId"": 4711533, ""toLineupSlotId"": -1, ""toTeamId"": 11, ""type"": ""ADD""}]",NightlyLeagueUpdateTaskProcessor,1790752196888,1790752196844,0,2e5636cb-babe-45f8-bc1b-df1790f5a327,4,FAILED_INVALIDPLAYERSOURCE,,11,WAIVER
transaction,2052609889,2026,4,0,EXECUTE,,60d59fc2-a439-47e1-b621-09ebf6b121eb,False,False,False,"[{""fromLineupSlotId"": 4, ""fromTeamId"": 0, ""isKeeper"": false, ""overallPickNumber"": 0, ""playerId"": 4258173, ""toLineupSlotId"": 20, ""toTeamId"": 0, ""type"": ""LINEUP""}, {""fromLineupSlotId"": 20, ""fromTeamId"": 0, ""isKeeper"": false, ""overallPickNumber"": 0, ""playerId"": 4427095, ""toLineupSlotId"": 4, ""toTeamId"": 0, ""type"": ""LINEUP""}]",{69FAE7D4-494B-4FEA-A60C-528E9439833B},,1790777629793,0,,4,EXECUTED,,10,ROSTER
transaction,2052609889,2026,4,0,EXECUTE,,68dbb1cb-0dce-44aa-b469-f2727a76336a,False,False,False,,{C3A683C4-4E18-42A2-8913-D0BF137EE61F},,1790707538209,0,bf3aa271-781a-4d1d-ade3-4312ad89b535,4,EXECUTED,,4,TRADE_DECLINE
transaction,2052609889,2026,4,0,EXECUTE,,f36001c7-7897-44fa-a365-084884a8951f,False,False,False,"[{""fromLineupSlotId"": 20, ""fromTeamId"": 0, ""isKeeper"": false, ""overallPickNumber"": 0, ""playerId"": 4371733, ""toLineupSlotId"": 23, ""toTeamId"": 0, ""type"": ""LINEUP""}, {""fromLineupSlotId"": 23, ""fromTeamId"": 0, ""isKeeper"": false, ""overallPickNumber"": 0, ""playerId"": 4569587, ""toLineupSlotId"": 20, ""toTeamId"": 0, ""type"": ""LINEUP""}]",{B2D96ED3-48A0-419E-8251-3F8700A0D3E9},,1790775618211,0,,4,EXECUTED,,2,ROSTER
transaction,2052609889,2026,4,0,EXECUTE,,67702667-f6e7-43bd-993c-1264eb224844,False,False,False,"[{""fromLineupSlotId"": -1, ""fromTeamId"": 0, ""isKeeper"": false, ""overallPickNumber"": 0, ""playerId"": 2576980, ""toLineupSlotId"": 20, ""toTeamId"": 2, ""type"": ""ADD""}]",{B2D96ED3-48A0-419E-8251-3F8700A0D3E9},,1790865826981,0,,4,EXECUTED,,2,FREEAGENT
transaction,2052609889,2026,4,0,EXECUTE,,18c1410c-680a-44c9-b051-d379e3212b5c,False,False,False,"[{""fromLineupSlotId"": 20, ""fromTeamId"": 0, ""isKeeper"": false, ""overallPickNumber"": 0, ""playerId"": 4569587, ""toLineupSlotId"": 23, ""toTeamId"": 0, ""type"": ""LINEUP""}, {""fromLineupSlotId"": 23, ""fromTeamId"": 0, ""isKeeper"": false, ""overallPickNumber"": 0, ""playerId"": 4599739, ""toLineupSlotId"": 20, ""toTeamId"": 0, ""type"": ""LINEUP""}]",{B2D96ED3-48A0-419E-8251-3F8700A0D3E9},,1790775602223,0,,4,EXECUTED,,2,ROSTER
transaction,2052609889,2026,4,0,EXECUTE,,a1a580d4-c8f1-47c3-b773-39324637c3a3,False,False,False,"[{""fromLineupSlotId"": 23, ""fromTeamId"": 0, ""isKeeper"": false, ""overallPickNumber"": 0, ""playerId"": 4429205, ""toLineupSlotId"": 20, ""toTeamId"": 0, ""type"": ""LINEUP""}, {""fromLineupSlotId"": 20, ""fromTeamId"": 0, ""isKeeper"": false, ""overallPickNumber"": 0, ""playerId"": 4685247, ""toLineupSlotId"": 2, ""toTeamId"": 0, ""type"": ""LINEUP""}, {""fromLineupSlotId"": 2, ""fromTeamId"": 0, ""isKeeper"": false, ""overallPickNumber"": 0, ""playerId"": 4430807, ""toLineupSlotId"": 23, ""toTeamId"": 0, ""type"": ""LINEUP""}]",{55AE8EA9-6209-4A42-9593-4440046DD4FB},,1790775372301,0,,4,EXECUTED,,5,ROSTER
transaction,2052609889,2026,4,0,EXECUTE,,9940d56c-9f8c-4e92-a3bf-fc4f4953ff6b,False,False,False,"[{""fromLineupSlotId"": 20, ""fromTeamId"": 0, ""isKeeper"": false, ""overallPickNumber"": 0, ""playerId"": 4599739, ""toLineupSlotId"": 2, ""toTeamId"": 0, ""type"": ""LINEUP""}, {""fromLineupSlotId"": 2, ""fromTeamId"": 0, ""isKeeper"": false, ""overallPickNumber"": 0, ""playerId"": 4239996, ""toLineupSlotId"": 20, ""toTeamId"": 0, ""type"": ""LINEUP""}]",{B2D96ED3-48A0-419E-8251-3F8700A0D3E9},,1790775092573,0,,4,EXECUTED,,2,ROSTER
transaction,2052609889,2026,4,0,EXECUTE,,6b937c8f-385e-4341-ab3d-73efa8b2299c,False,False,False,"[{""fromLineupSlotId"": 21, ""fromTeamId"": 2, ""isKeeper"": false, ""overallPickNumber"": 0, ""playerId"": 4366031, ""toLineupSlotId"": -1, ""toTeamId"": 0, ""type"": ""DROP""}]",{B2D96ED3-48A0-419E-8251-3F8700A0D3E9},,1790865793128,0,,4,EXECUTED,,2,ROSTER
transaction,2052609889,2026,4,0,PROCESS,,84c85110-c7c8-48cb-8310-97b0b25bd1af,False,False,False,"[{""fromLineupSlotId"": 20, ""fromTeamId"": 0, ""isKeeper"": false, ""overallPickNumber"": 0, ""playerId"": 4711533, ""toLineupSlotId"": -1, ""toTeamId"": 5, ""type"": ""ADD""}, {""fromLineupSlotId"": 20, ""fromTeamId"": 5, ""isKeeper"": false, ""overallPickNumber"": 0, ""playerId"": 4685247, ""toLineupSlotId"": -1, ""toTeamId"": 0, ""type"": ""DROP""}]",NightlyLeagueUpdateTaskProcessor,1790752196895,1790752196844,0,b8401ee4-2eea-427a-a4b9-8c5837f2d22f,4,FAILED_INVALIDPLAYERSOURCE,,5,WAIVER
transaction,2052609889,2026,4,0,EXECUTE,1791036849183,a1de3834-ddf1-4af6-9925-2e04ca16133f,False,False,True,"[{""fromLineupSlotId"": 2, ""fromTeamId"": 12, ""isKeeper"": false, ""overallPickNumber"": 0, ""playerId"": 4685512, ""toLineupSlotId"": -1, ""toTeamId"": 1, ""type"": ""TRADE""}, {""fromLineupSlotId"": 4, ""fromTeamId"": 12, ""isKeeper"": false, ""overallPickNumber"": 0, ""playerId"": 4428331, ""toLineupSlotId"": -1, ""toTeamId"": 1, ""type"": ""TRADE""}, {""fromLineupSlotId"": 20, ""fromTeamId"": 1, ""isKeeper"": false, ""overallPickNumber"": 0, ""playerId"": 16737, ""toLineupSlotId"": -1, ""toTeamId"": 12, ""type"": ""TRADE""}, {""fromLineupSlotId"": 2, ""fromTeamId"": 1, ""isKeeper"": false, ""overallPickNumber"": 0, ""playerId"": 3042519, ""toLineupSlotId"": -1, ""toTeamId"": 12, ""type"": ""TRADE""}]",{420B10CF-D9C7-4268-AACF-2065D727A2F5},,1790864049155,0,,4,PENDING,"{""1"": ""ACCEPTED""}",1,TRADE_PROPOSAL
transaction,2052609889,2026,4,0,EXECUTE,,dcfca959-b4c4-44fd-a70f-bdcf61ff292c,False,False,False,"[{""fromLineupSlotId"": -1, ""fromTeamId"": 0, ""isKeeper"": false, ""overallPickNumber"": 0, ""playerId"": 4682745, ""toLineupSlotId"": 20, ""toTeamId"": 2, ""type"": ""ADD""}, {""fromLineupSlotId"": 20, ""fromTeamId"": 2, ""isKeeper"": false, ""overallPickNumber"": 0, ""playerId"": 2578570, ""toLineupSlotId"": -1, ""toTeamId"": 0, ""type"": ""DROP""}]",{B2D96ED3-48A0-419E-8251-3F8700A0D3E9},,1790775207310,0,,4,EXECUTED,,2,FREEAGENT
transaction,2052609889,2026,4,0,EXECUTE,,a28e30d5-77be-4614-95a4-b0f3172b98e0,False,False,False,"[{""fromLineupSlotId"": -1, ""fromTeamId"": 0, ""isKeeper"": false, ""overallPickNumber"": 0, ""playerId"": 4576297, ""toLineupSlotId"": 6, ""toTeamId"": 9, ""type"": ""ADD""}, {""fromLineupSlotId"": 6, ""fromTeamId"": 9, ""isKeeper"": false, ""overallPickNumber"": 0, ""playerId"": 3046439, ""toLineupSlotId"": -1, ""toTeamId"": 0, ""type"": ""DROP""}]",{C0024D54-8CAF-4BA4-BBF6-0EB8C3D30D2F},,1790861986938,0,,4,EXECUTED,,9,FREEAGENT
transaction,2052609889,2026,4,0,EXECUTE,,e722546b-b147-4e9c-987a-7f4d99502efa,False,False,False,"[{""fromLineupSlotId"": 20, ""fromTeamId"": 0, ""isKeeper"": false, ""overallPickNumber"": 0, ""playerId"": 5083315, ""toLineupSlotId"": 23, ""toTeamId"": 0, ""type"": ""LINEUP""}, {""fromLineupSlotId"": 23, ""fromTeamId"": 0, ""isKeeper"": false, ""overallPickNumber"": 0, ""playerId"": 4683062, ""toLineupSlotId"": 20, ""toTeamId"": 0, ""type"": ""LINEUP""}]",{420B10CF-D9C7-4268-AACF-2065D727A2F5},,1790703024460,0,,4,EXECUTED,,1,ROSTER
transaction,2052609889,2026,4,0,PROCESS,,25e55121-cb3c-4e1e-a830-4fb4427a0e73,False,False,False,"[{""fromLineupSlotId"": -1, ""fromTeamId"": 0, ""isKeeper"": false, ""overallPickNumber"": 0, ""playerId"": 3116406, ""toLineupSlotId"": 20, ""toTeamId"": 11, ""type"": ""ADD""}]",NightlyLeagueUpdateTaskProcessor,1790839757770,1790839757736,0,13b5d9b7-200c-4789-8d02-45a8bedadbc5,4,EXECUTED,,11,WAIVER
